titulo,data,edicao,ano,tipo
3456 - Institui lei anti-pichação e cria programa de combate,03/06/2026,2750,10,Lei
3457 - Institui política de transparencia da infraestrutura escolar,03/06/2026,2750,10,Lei
3458 - Autoriza o poder executivo desembolsar valores para custeio 68 jogos regionais Santana do Parnaíba,03/06/2026,2750,10,Lei
3452 - Regulamentação do artigo 1358 - parcelamento de solo - condomínio de lotes - Vila Propheta,27/05/2026,2742,10,Lei
3453 - Autoriza o poder executivo desafetar e doar bens imóveis para fins exclusivos de implantação de empreendimentos habitacionais,27/05/2026,2742,10,Lei
3454 - Dispõe sobre as diretrizes Orçamentárias - LDO,27/05/2026,2742,10,Lei
3455 - Dispõe sobre abertura de crédito 100.000 semads,27/05/2026,2742,10,Lei
3450 - autoriza poder executivo desafetar e efetuar alienação do imóvel matrícula 14.978 e 90.858 e 90.859,19/05/2026,2736,10,Lei
3447 - autoriza sepultamento de cães e gatos em jazigos de tutores ou familiares,19/05/2026,2736,10,Lei
3451 - Altera Lei 3207-2025 - Associação Nacional do CAvalo de Rédeas ANCR,19/05/2026,2736,10,Lei
3448 - implantação de espaços sensoriais em praças públicas TEA,19/05/2026,2736,10,Lei
3449 - áreas destinadas às pessoas com deficiência PCD e TEA,19/05/2026,2736,10,Lei
3442 - inclui área matrícula 88.151 no perímetro urbano,14/05/2026,2733,10,Lei
3446 - abertura de crédito 681.800 - secretaria de planejamento,14/05/2026,2733,10,Lei
3443 - abertura de crédito 180 mil - saúde,14/05/2026,2733,10,Lei
401 - dispõe sobre autorização para realizar alienação doação de imóvel para associação Residencial Terras Altas,14/05/2026,2733,10,Lei
3440 - dispõe sobre programa de incentivo a denúncia de infrações ambientais urbanas,14/05/2026,2733,10,Lei
3444 - abertura de crédito 51.905 - secretaria da saúde,14/05/2026,2733,10,Lei
3441 - dispõe sobre autorização para realizar alienação doação de imóvel para associação Residencial Terras Altas,14/05/2026,2733,10,Lei
3445 - abertura de crédito 150.253 - secretaria de serviços,14/05/2026,2733,10,Lei
3439 - revisão das aliquotas adicionais - contribuição previdenciária  - déficit atuarial,08/05/2026,2727,10,Lei
3432 - institui programa semana saúde nos bairros,08/05/2026,2727,10,Lei
3436 - estabelece o índice para revisão geral anual com recomposição de poder de compra da remuneração da Câmara de Vereadores,08/05/2026,2727,10,Lei
3433 - realização de palestras - combate a pedofilia,08/05/2026,2727,10,Lei
3437 - abertura de crédito adicional suplementar 100.000 semads,08/05/2026,2727,10,Lei
3434 - programa de fornecimento complementar de medicamentos,08/05/2026,2727,10,Lei
3438 - abertura de crédito adicional suplementar 141.892 semads,08/05/2026,2727,10,Lei
3431 - criação de salas sensoriais alunos autistas e neuroatípicos,08/05/2026,2727,10,Lei
3435 - autoriza alienação de por meio de doação de imóvel À Fazenda do Estado SP,08/05/2026,2727,10,Lei
3430 - abertura de crédito adicional especial 21.538 semads,04/05/2026,2724,10,Lei
"3427 - institui campanha permanente vaga especial não é privilégio, é direito",04/05/2026,2724,10,Lei
3424 - conversão de penalidade de multa em advertência doação de sangue,04/05/2026,2724,10,Lei
3428 - institui programa de incentivo a corrida de rua,04/05/2026,2724,10,Lei
3425 - inclusão de QR Code informativo nas placas de vias com biografia do homenageado,04/05/2026,2724,10,Lei
3429 - abertura de crédito adicional especial 105.819 saúde,04/05/2026,2724,10,Lei
3426 - institui no calendário Semana do EScoteiro,04/05/2026,2724,10,Lei
3423 - institui dia da Marcha para Jesus,15/04/2026,2710,10,Lei
3420 - autoriza desafetar área  - futura doação matrícula 96.596 - Golf Country,15/04/2026,2710,10,Lei
3421 - abertura crédito adicional especial - educação 97.512,15/04/2026,2710,10,Lei
3422 - declara e reconhece a Marcha para Jesus - patrimônio Cultural de natureza imaterial,15/04/2026,2710,10,Lei
3419 - crédito adicional especial - meio ambiente 1.311.383,07/04/2026,2703,10,Lei
400 - Dispõe sobre alteração do artigo 45 da LC 126-2010,07/04/2026,2703,10,Lei
3416 - Programa Gincana Estudantil de Avaré,01/04/2026,2699,10,Lei
3417 - Institui e inclui Semana da Criatividadee Inovação,01/04/2026,2699,10,Lei
3418 - crédito adicional especial - semads 248.366,01/04/2026,2699,10,Lei
3411 - abertura de crédito - semads 5.533,24/03/2026,2692,10,Lei
3404 - abertura de crédito - semads 2.736,24/03/2026,2692,10,Lei
3415 - abertura de crédito - educação 767.701,24/03/2026,2692,10,Lei
3408 - abertura de crédito - semads 851,24/03/2026,2692,10,Lei
3412 - abertura de crédito - semads 3.259,24/03/2026,2692,10,Lei
3405 - abertura de crédito - semads 2.033,24/03/2026,2692,10,Lei
3409 - abertura de crédito - semads 3.778,24/03/2026,2692,10,Lei
3413 - abertura de crédito - semads 1.785,24/03/2026,2692,10,Lei
3406 - abertura de crédito - semads 1.128,24/03/2026,2692,10,Lei
3410 - abertura de crédito - semads 5.299,24/03/2026,2692,10,Lei
3403 - abertura de crédito - semads 4.500,24/03/2026,2692,10,Lei
3414 - abertura de crédito - educação 274.019,24/03/2026,2692,10,Lei
3407 - abertura de crédito - semads 1.713,24/03/2026,2692,10,Lei
3396 - abertura de crédito - semads 67.532,19/03/2026,2689,10,Lei
3389 - abertura de crédito - semads 31.418,19/03/2026,2689,10,Lei
3400 - abertura de crédito - saude 4.304.909,19/03/2026,2689,10,Lei
3393 - abertura de crédito - semads 32.821,19/03/2026,2689,10,Lei
3397 - abertura de crédito - semads 17.466,19/03/2026,2689,10,Lei
3390 - abertura de crédito - semads 31.707,19/03/2026,2689,10,Lei
3401 - abertura de crédito - saude 2.019.091,19/03/2026,2689,10,Lei
3394 - abertura de crédito - semads 32.424,19/03/2026,2689,10,Lei
3387 - abertura de crédito - agricultura e abastecimento 101.014,19/03/2026,2689,10,Lei
3398 - abertura de crédito - semads 9.029,19/03/2026,2689,10,Lei
3391 - abertura de crédito - semads 10.264,19/03/2026,2689,10,Lei
3402 - abertura de crédito - saude 1.106.878,19/03/2026,2689,10,Lei
3395 - abertura de crédito - semads 24.000,19/03/2026,2689,10,Lei
3388 - abertura de crédito - semads 36.670,19/03/2026,2689,10,Lei
3399 - abertura de crédito - semads 65.248,19/03/2026,2689,10,Lei
3392 - abertura de crédito - semads 35.242,19/03/2026,2689,10,Lei
3386 - autoriza o poder executivo receber bens imóveis em doação - Jardim Esmeralda,18/03/2026,2688,10,Lei
399 - Concessão de Isenção taxa de alvará corridas de rua,16/03/2026,2686,10,Lei
3385 - abertura de crédito - saúde - 6.076.834,12/03/2026,2684,10,Lei
3378 - abertura de crédito - saúde 3.221.086,12/03/2026,2684,10,Lei
3382 - abertura de crédito - semads 124.959,12/03/2026,2684,10,Lei
3375 - ANEXO I - 1442-SMA-01-SA-RT-3055-R5,12/03/2026,2684,10,Lei
3379 - abertura de crédito - agricultura 24.815,12/03/2026,2684,10,Lei
3383 - abertura de crédito - saúde - 4.575.476,12/03/2026,2684,10,Lei
3376 - abertura de crédito - educação 177.518,12/03/2026,2684,10,Lei
3375 - Institui o Plano Municipal Saneamento Básico,12/03/2026,2684,10,Lei
3380 - abertura de crédito - semads 210.681,12/03/2026,2684,10,Lei
3384 - abertura de crédito - saúde - 598.027,12/03/2026,2684,10,Lei
3377 - abertura de crédito - semads 601.787,12/03/2026,2684,10,Lei
3381 - abertura de crédito - semads 116.655,12/03/2026,2684,10,Lei
3373 - Estabelece símbolo mundial TEA nos uniformes da rede municipal,05/03/2026,2678,10,Lei
3374 - Cria Programa Avaré Hidrata,05/03/2026,2678,10,Lei
3372 - Institui Cadastro de doadores de sangue,05/03/2026,2678,10,Lei
3371 - Crédito adicional - educação fundeb 131.000,03/03/2026,2676,10,Lei
"3370 - Crédito adicional - educação 87,50",03/03/2026,2676,10,Lei
3364 - Reorganiza e reestrutura DESS - assinado,11/02/2026,2660,10,Lei
3366 - Autoriza contratação de serviços médicos especializados e exames complementares - assinado,11/02/2026,2660,10,Lei
3364 - ANEXOS,11/02/2026,2660,10,Lei
3369 - Crédito adicional - educação 2.259.945 - assinado,11/02/2026,2660,10,Lei
3366 - ANEXOS - contratação de serviços médicos especializados e exames complementares,11/02/2026,2660,10,Lei
398 - Concessão de isenção de taxa de alvará - lojas maçônicas - assinado,11/02/2026,2660,10,Lei
3368 - Crédito adicional - planejamento e obras - 4.510 - assinado,11/02/2026,2660,10,Lei
3365 - Crédito Adicional - planejamento e obras 65.366 - assinado,11/02/2026,2660,10,Lei
397 - Institui REFIS 2026 - assinado,11/02/2026,2660,10,Lei
3367 - Crédito adicional - gabinete bombeiros - 1.380.636 - assinado,11/02/2026,2660,10,Lei
3363 - Implantação de código QR code em placas de obras públicas para leitura e fiscalização eletronica,04/02/2026,2653,10,Lei
3362 - Difusão do Alfabeto Manual em Libras,04/02/2026,2653,10,Lei
3360 - fixa subsidio prefeito e vice-prefeito 2029,23/12/2025,2620,9,Lei
393 - alteração lei complementar 344-2025,23/12/2025,2620,9,Lei
3361 - abertura de crédito adicional suplementar - FREA,23/12/2025,2620,9,Lei
394 - alteração lei complementar 367-2025,23/12/2025,2620,9,Lei
391 - alteração do artigo 21 da lei complementar 96-2009,23/12/2025,2620,9,Lei
"396 - ANEXOS -  Reestruturação do plano de cargos carreira e remuneração , cria e redenomina cargos AVAREPREV",23/12/2025,2620,9,Lei
395 - alteração do anexo III da lei complementar 126-2025,23/12/2025,2620,9,Lei
392 - alteração lei complementar 366-2025,23/12/2025,2620,9,Lei
"396 - reestrutura plano de cargos carreira e remuneração , cria e redenomina cargos - AVAREPREV",23/12/2025,2620,9,Lei
389 - alteração do caput do artigo da lei complementar 313 - gratificação auxiliar contábil,10/12/2025,2608,9,Lei
3358 - abertura de crédito especial 100.000 - SEMADS,10/12/2025,2608,9,Lei
"390 - estruturação , composição Comite investimentos AVAREPREV",10/12/2025,2608,9,Lei
3359 - abertura de crédito especial CAMARA 42.000,10/12/2025,2608,9,Lei
388 - dispõe sobre ITBI,10/12/2025,2608,9,Lei
3357 - dispõe sobre abertura de crédito adicional especial planejamento e obras 500.000,03/12/2025,2601,9,Lei
3354 - estima receita e fixa despesa para o exercício de 2026,03/12/2025,2601,9,Lei
3355 - autoriza procuradoria geral não ajuizar ações de pequeno valor,03/12/2025,2601,9,Lei
386 - dispõe sobre alteração dos dispositivos da lei complementar 276-2022 - AVAREPREV,03/12/2025,2601,9,Lei
3356 - dispõe sobre instituição e política de justiça restaurativa,03/12/2025,2601,9,Lei
387 - dispõe sobre alteração do parágrafo 2 do artigo 108 da lei complementar 150 - conselheiros tutelares,03/12/2025,2601,9,Lei
3353 - institui Semana de conscientização não te julgo - te ajudo,26/11/2025,2594,9,Lei
3350 - institui política de diagnóstico tardio transtorno espectro autista TEA,26/11/2025,2594,9,Lei
3347 - abertura de crédito adicional especial 59.826 - agricultura,26/11/2025,2594,9,Lei
3351 - institui política de valorização e promoção da capoeira,26/11/2025,2594,9,Lei
3348 - abertura de crédito adicional especial 5.531 - agricultura,26/11/2025,2594,9,Lei
3352 - institui dia do plantio nas escolas,26/11/2025,2594,9,Lei
3349 - institui política de prevenção e enfrentamento atentados violentos escolas municipais,26/11/2025,2594,9,Lei
3345 - abertura de crédito adicional especial 76.734 - saude,19/11/2025,2589,9,Lei
3342 - abertura de crédito adicional especial 12.563 - saude,19/11/2025,2589,9,Lei
3346 - abertura de crédito adicional especial 11.400 - semads,19/11/2025,2589,9,Lei
3339 - prorrogação vigência plano municipal de educação - lei 1921-2015,19/11/2025,2589,9,Lei
3343 - abertura de crédito suplementar 3.188.814 educação,19/11/2025,2589,9,Lei
3340 - abertura de crédito adicional especial 300.00 semads,19/11/2025,2589,9,Lei
3344 - abertura de crédito adicional especial 1.118.743 - saude,19/11/2025,2589,9,Lei
3341 - altera redação do artigo 2 e 4 da lei 929-2007 - fundeb,19/11/2025,2589,9,Lei
3336 - abertura de crédito adicional suplementar - 290.508 - educação,11/11/2025,2581,9,Lei
3337 - abertura de crédito adicional suplementar - 185.000 - FREA,11/11/2025,2581,9,Lei
3334 - abertura de crédito adicional especial 45.562 - transportes,11/11/2025,2581,9,Lei
3338 - abertura de crédito adicional especial - 4.050.000 - Saúde,11/11/2025,2581,9,Lei
3335 - autoriza poder executivo efetuar adiantamento Comissão de Apoio Delegações Esportivas 87 Jogos Abertos,11/11/2025,2581,9,Lei
3332 - Autoriza doar bem imóvel - SENAR,05/11/2025,2577,9,Lei
3329 - Proibição da produção de Spathodea,05/11/2025,2577,9,Lei
3333 - Alteração da Lei 2312 de 2029,05/11/2025,2577,9,Lei
3330 - Institui Programa Cultura nos bairros,05/11/2025,2577,9,Lei
385 - Redenomina guarda civil para guarda civil de vigilância,05/11/2025,2577,9,Lei
3331 - Institui Fundo de proteção e defesa civil - FUMDEC,05/11/2025,2577,9,Lei
3328 - Institui Programa Empresa Amiga da Escola,05/11/2025,2577,9,Lei
3327 - Revogação da Lei 2435-2021 - que limita consultas,31/10/2025,2573,9,Lei
3324 - Autoriza parcerias adoção de espaços públicos,22/10/2025,2565,9,Lei
3321 - Dispõe sobre abertura crédito adicional - 67.282 - saúde,22/10/2025,2565,9,Lei
"3325 - Institui Junho Violeta concientização , enfrentamento e prevenção da violência contra pessoa idosa",22/10/2025,2565,9,Lei
3322 - Institui Orçamento Cidadão,22/10/2025,2565,9,Lei
3326 - Institui Semana e dia Pessoa Idosa,22/10/2025,2565,9,Lei
3323 - Institui Programa Adote Muro da Escola Pública,22/10/2025,2565,9,Lei
3316 - Altera artigo 7 da Lei 2152-2017 que estabelece diretrizes realização de eventos esportivos,15/10/2025,2559,9,Lei
3320 - Institui e inclui Calendário - dia de prevenção da asfixia perinatal - setembro verde esperança,15/10/2025,2559,9,Lei
3313 - Dispõe sobre regularização de construções e dá prazo para concessão,15/10/2025,2559,9,Lei
3317 - Dispõe sobre prevenção combate e punição sexualização e adultização de crianças,15/10/2025,2559,9,Lei
3314 - Dispõe sobre abertura crédito adicional suplementar - saude 98.512,15/10/2025,2559,9,Lei
3318 - Dispõe proibição da utilização de recursos públicos e de espaçoes municipais  - apologia ao crime,15/10/2025,2559,9,Lei
3315 - Dispõe sobre abertura crédito adicional especial - saude 13.676,15/10/2025,2559,9,Lei
3319 - Institui o programa TRANSFORMARTE oficinas culturais,15/10/2025,2559,9,Lei
3312 - Dispõe sobre concessão de uso ao Núcleo de Criadores de Nelore de Avaré e Região,15/10/2025,2559,9,Lei
3308 - Institui Semana da Orientação profissional para o primeiro emprego escolas públicas municipais,09/10/2025,2554,9,Lei
3309 - Institui Semana da Música e da Cultura Caipira em homenagem Sr CArlos Domingos Alonso,09/10/2025,2554,9,Lei
384 - Revoga Lei 153-2011 - redenomina guarda civil,09/10/2025,2554,9,Lei
3310 - Institui Projeto Banco Vermelho que visa conscientizar contra violência doméstica familiar,09/10/2025,2554,9,Lei
3307 - Institui Programa Pedagógico visita ao gabinete do prefeito,09/10/2025,2554,9,Lei
3311 - Autoriza o Executivo a efetuar adiantamento de recursos financeiros destinados a realização 42 FAMPOP,09/10/2025,2554,9,Lei
3302 - Dispõe sobre garantia de acessibilidade comunicativa a mulher com deficiência vítima de violência doméstica e familiar,01/10/2025,2543,9,Lei
3306 - Institui Política de prevenção À ciberpedofilia,01/10/2025,2543,9,Lei
3303 - Institui o Dia Municipal da Equoterapia no calendário oficial,01/10/2025,2543,9,Lei
3304 - Dispõe sobre implantação de sistema de monitoramento por câmeras nas creches,01/10/2025,2543,9,Lei
3305 - Institui Políticas Púbicas para o combate a alienação parental - 25 de abril,01/10/2025,2543,9,Lei
382 - Dispõe sobre alteração da LC 370-2025 FMSAI - fundo municipal saneamento ambiental,25/09/2025,2538,9,Lei
3296 - Cria o Programa Móveis para Recomeçar,25/09/2025,2538,9,Lei
3300 - Dispõe sobre abertura de crédito adicional especial - GAbinete,25/09/2025,2538,9,Lei
383 - Autoriza FREA conceder revisão geral anual 5 por cento,25/09/2025,2538,9,Lei
3297 - Autoriza Poder Executivo realizar doação de imóvel para o Estado através da PM,25/09/2025,2538,9,Lei
3301 - Inclui área objeto da matrícula 94055 CRI no perímetro urbano,25/09/2025,2538,9,Lei
3294 - Institui o cadastro municipal de professores com deficiência,25/09/2025,2538,9,Lei
3298 - Dispõe sobre abertura de crédito especial 200.000 saude,25/09/2025,2538,9,Lei
381 - Dispõe sobre revogação da LC 115-2010 e Cria Guarda Civil,25/09/2025,2538,9,Lei
3295 - Dispõe sobre o Plano Plurianual de Ação Governamental PPAG 2026-2029,25/09/2025,2538,9,Lei
3299 - Dispõe sobre abertura de crédito especial 223.275 semads,25/09/2025,2538,9,Lei
3293 - Abertura de Crédito adicional especial - secretaria saúde 600.000,10/09/2025,2526,9,Lei
379 - Autoriza Poder Executivo conceder revisão geral de vencimentos dos servidores e empregados públicos,10/09/2025,2526,9,Lei
"3291 - Institui Programa Escola Segura , divulgação em escolas tecnicas de primeiros socorros prevenção a incêndios e controle de pÂnico",10/09/2025,2526,9,Lei
380 - Dispõe sobre alteração da Lei Complementar 225-2016 - código tributário,10/09/2025,2526,9,Lei
3292 - Autoriza Poder Executivo doar área de propriedade municipal ao Fundo de Arrendamento Residencial FAR representado pela Caixa CEF - minha casa minha vida,10/09/2025,2526,9,Lei
3287 - Dispõe sobre medidas de incentivo à doação voluntária de sangue,03/09/2025,2521,9,Lei
3288 - Dispõe sobre instituição da Campanha eu freio para os animais,03/09/2025,2521,9,Lei
"3289 - Dispõe sobre abertura de crédito adicional - Planejamento e Obras 750,00",03/09/2025,2521,9,Lei
3290 - Dispõe sobre abertura de crédito suplementar FREA 418.860,03/09/2025,2521,9,Lei
3277 - Alteração da Lei 2722 de 30 de agosto de 2022 - Soupleliss Cosméticos,02/09/2025,2520,9,Lei
3278 - Alteração da Lei 2654 de 16 de maio de 2022 - SANGIÁCOMO MATERIAIS DE CONSTRUÇÃO LTDA,02/09/2025,2520,9,Lei
3281 - Dispõe sobre a garantia prioridade programas habitacionais,27/08/2025,2516,9,Lei
3285 - Dispõe sobre abertura de Crédito Adicional - SEMADS 65.634,27/08/2025,2516,9,Lei
3282 - Inclui no calendário - Dia Enfermeira Márcia - Feminicídio,27/08/2025,2516,9,Lei
3286 - Dispõe sobre abertura de Crédito Adicional - SEMADS 78.000,27/08/2025,2516,9,Lei
3283 - Dispõe sobre abertura de Crédito Adicional - Educação 850.846,27/08/2025,2516,9,Lei
378 - Concessão de isenção de taxa de alvará templos religiosos,27/08/2025,2516,9,Lei
3284 - Dispõe sobre abertura de Crédito Adicional - SEMADS 11.610,27/08/2025,2516,9,Lei
3279 - Alteração da Lei 2142 de 03 de outubro de 2017 - Convênio Operação Delegada,22/08/2025,2512,9,Lei
3280 - Alteração da Lei 1407 de 31 de agosto de 2010 - Companhia da Policia Militar,22/08/2025,2512,9,Lei
3276 - Concessão de uso - Associação Motociclistas Insanos Mot Clube,20/08/2025,2511,9,Lei
377 - Alteração da Lei Complementar 229 de 03 de outubro de 2017 - Fundo Municipal Corpo de Bombeiros,20/08/2025,2511,9,Lei
3275 - Cria Dossiê Mulher Avareense,13/08/2025,2504,9,Lei
3274 - Evento anual Festival Natureza,13/08/2025,2504,9,Lei
3273 - Abertura de Crédito Adicional Saude 1.500.000 - assinada,06/08/2025,2499,9,Lei
3270 - Abertura de Crédito Adicional Fundo municipal Saúde 84.069 - assinada,06/08/2025,2499,9,Lei
3267 - Dispõe sobre divulgação despesas eventos artísticos e culturais - assinado,06/08/2025,2499,9,Lei
3271 - Abertura de Crédito Adicional SEMADS 283.246 - assinada,06/08/2025,2499,9,Lei
3268 - Institui no calendário Oficial Semana Municipal Conscientização Autismo - assinado,06/08/2025,2499,9,Lei
3272 - Abertura de Crédito Adicional SEMADS 65.298 - assinada,06/08/2025,2499,9,Lei
3269 - Dispõe sobre alteração da §1 do art. 1º da Lei 3233-2025 - assinada,06/08/2025,2499,9,Lei
375 - Dispõe sobre a alteração do anexo I da LC 126 - Psicologo,24/07/2025,2485,9,Lei
3265 - Dispõe sobre a revogação da Lei 1794 de maio de 2014 - doação de área Paula Souza,24/07/2025,2485,9,Lei
376 - Dispõe sobre a alteração do anexo I da LC 126 - Técnico de Manutenção em Equipamento de informática,24/07/2025,2485,9,Lei
3266 - Abertura de Crédito Adicional Especial - SEMADS,24/07/2025,2485,9,Lei
374 - Dispõe sobre a alteração do anexo I da LC 126 - Controle Interno,24/07/2025,2485,9,Lei
3262 - Abertura de crédito adicional especial 5.188 - semads,21/07/2025,2480,9,Lei
3263 - Abertura de crédito adicional especial 2.309 - semads,21/07/2025,2480,9,Lei
3264 - Abertura de crédito adicional especial 16.915 - semads,21/07/2025,2480,9,Lei
3261 - Institui Loteria Municipal,21/07/2025,2480,9,Lei
3258 - Dispõe sobre a REVOGAÇÃO da Lei nº 2.768 de 24 de novembro de 2022,15/07/2025,2475,9,Lei
3259 - Dispõe sobre a distribuição da alementação escolar para alunos da Rede Municipal,15/07/2025,2475,9,Lei
"3260 - Altera o artigo 135, da Lei nº 315, de 23 de maio de 1995, disciplinando as consignações facultativas em folha de pagamento",15/07/2025,2475,9,Lei
3253 - Dispõe sobre obrigatoriedade de participação da OAB em concursos públicos,01/07/2025,2461,9,Lei
3257 - Abertura de Crédito Adicional  anulação 180 reais - semads,01/07/2025,2461,9,Lei
3254 - Altera o parágrafo 2º do artigo 3 da lei 1812 de 2014,01/07/2025,2461,9,Lei
373 - Dispõe sobre a alteração da LC 364 - prorrogação REFIS,01/07/2025,2461,9,Lei
3255 - Concessão de uso Associação Paulista de Equoterapia,01/07/2025,2461,9,Lei
3252 - Institui Programa Adote um ponto de ônibus,01/07/2025,2461,9,Lei
3256 - Abertura de Crédito Adicional 200.000 - Saúde,01/07/2025,2461,9,Lei
"3250 - Dispõe sobre abertura de crédito adicional especial 1.739.785,54 - educação",25/06/2025,2455,9,Lei
3247 - Dispõe sobre as diretrizes orçamentárias do município para elaboração da LOA 2026,25/06/2025,2455,9,Lei
"3251 - Dispõe sobre abertura de crédito adicional especial 66,72 - cultura",25/06/2025,2455,9,Lei
3248 - Autoriza o Município a celebrar convênio operacionalização de cartão de crédito consignado,25/06/2025,2455,9,Lei
372 - Dispõe sobre alterações dos incisos I e II do artigo 8° da lei complementar 260 de 2021 - plano diretor,25/06/2025,2455,9,Lei
"3249 - Abertura de crédito adicional especial 2.646.000,00 Secretaria da Educação Merenda",25/06/2025,2455,9,Lei
3246 - Dispõe sobre a garantia do direito ao acesso pleno à informação aos deficientes visuais - pracegover,25/06/2025,2455,9,Lei
3244 - Dispõe sobre alteração da lei 3207 de 2025 - associação nacional do cavalo de rédeas ANCR,17/06/2025,2450,9,Lei
3241 - Dispõe sobre alteração da lei 134 de 19 de setembro de 2001,17/06/2025,2450,9,Lei
3245 - Dispõe sobre abertura de crédito adicional suplementar 3.776.334 - secretaria da educação,17/06/2025,2450,9,Lei
3242 - Dispõe sobre abertura de crédito adicional suplementar fundo municipal da saude - 611.557,17/06/2025,2450,9,Lei
3239 - Dispõe sobre a vacinação domiciliar das pessoas com autismo,17/06/2025,2450,9,Lei
3243 - Dispõe sobre abertura de crédito adicional suplementar - planejamento e obras - 4.924,17/06/2025,2450,9,Lei
3240 - Institui o Dia do Motociclista,17/06/2025,2450,9,Lei
3237 - Dispõe sobre abertura de crédito suplementar - Fundo Saúde,10/06/2025,2440,9,Lei
3238 - Dispõe sobre abertura de crédito adicional especial - Fundo Saúde,10/06/2025,2440,9,Lei
371 - Dispõe sobre a concessão de isenção fiscal para empresa HANNA ENGENHARIA E CONSTRUÇÃO,10/06/2025,2440,9,Lei
3236 - Dispõe sobre concessão de uso AMAGOLF,10/06/2025,2440,9,Lei
3233 - Dispõe sobre gratuidade de ingressos ou inscrições para pessoas idosas e com deficiência em eventos,05/06/2025,2434,9,Lei
3234 - Institui Semana Municipal Djanira,05/06/2025,2434,9,Lei
3235 - Dispõe sobre abertura de crédito adicional 269.300 - Fundo Saúde,05/06/2025,2434,9,Lei
3232 - Dispõe sobre a disponibilização de fone antirruído às pessoas TEA em órgãos públicos,05/06/2025,2434,9,Lei
3231 - Autoriza desembolsar valores para custeio da delegação avareense dos 67º Jogos Regionais 2025 – Sede Itapetininga,29/05/2025,2424,9,Lei
3230 -Institui o dia municípal do Flash Back,29/05/2025,2424,9,Lei
"3229 - Crédito Adicional 44.001,10",28/05/2025,2422,9,Lei
"3228 - Crédito Adicional 583.672,67",28/05/2025,2422,9,Lei
3225 - Institui Semana da Juventude - 12 de agosto,21/05/2025,2412,9,Lei
3226 - Crédito Adicional 5.598,21/05/2025,2412,9,Lei
3227 - Crédito Adicional 90.000,21/05/2025,2412,9,Lei
3222 - Institui o documento de identificação Pessoa com Câncer DIPC,13/05/2025,2401,9,Lei
3223 - Institui Campanha Abril Laranja - Contra o Abuso Animal,13/05/2025,2401,9,Lei
3224 - Institui Política de Conscientização e Atenção à Saúde das Mulheres no Cimatério e Menopausa,13/05/2025,2401,9,Lei
3221 - Cria Cartilha de Proteção e bem estar animal,13/05/2025,2401,9,Lei
3213 - Dispõe sobre Alteração do art. 3 da Lei 2774 de 2022,05/05/2025,2390,9,Lei
3210 - Reorganiza e reestrutura Conselho do Turismo COMTUR,05/05/2025,2390,9,Lei
3214 - Abre crédito adicional especial 26.057 - SEMADS,05/05/2025,2390,9,Lei
3211 - Institui Semana Escolar de Combate a Violência Contra a Mulher,05/05/2025,2390,9,Lei
3215 - Estabelece índice revisão geral anual  servidores da Camara de vereadores,05/05/2025,2390,9,Lei
3212 - Institui Dia de Concientização sobre experiências Adversas na Infância,05/05/2025,2390,9,Lei
370 - Acrescenta parágrafos 5 e 6 no artigo 3 da Lei 263-2021,05/05/2025,2390,9,Lei
3206 - Associação dos Muladeiros de Avaré  - AMA,17/04/2025,2374,9,Lei
8285 - Abertura de Crédito Adicional 50.000,17/04/2025,2374,9,Lei
3207 - Concessão Associação Nacional do Cavalo de Rédeas ANCR,17/04/2025,2374,9,Lei
3204 - Institui Programa dos Idosos Desaparecidos,17/04/2025,2374,9,Lei
3208 - Abertura de Crédito Adicional 15.427,17/04/2025,2374,9,Lei
3205 - Núcleo de Criadores de Nelore de Avaré,17/04/2025,2374,9,Lei
3209 - Abertura de Crédito Adicional 50.000,17/04/2025,2374,9,Lei
8284 - Abertura de Crédito Adicional 15.427,17/04/2025,2374,9,Lei
3201 - Dispõe sobre instalação e utilização de biodigestores em unidades escolares no município da Estância Turística de Avaré,15/04/2025,2369,9,Lei
3202 - Garante o direito de prioridade de matrícula de irmãos na mesma unidade escolar,15/04/2025,2369,9,Lei
3203 - Altera o artigo 10 da lei 1.283 - institui o Regime de Adiantamento,15/04/2025,2369,9,Lei
3195 - Politica de Monitorização de alunos com diabetes,26/03/2025,2344,9,Lei
3196 - Institui Programa Banca do Esporte,26/03/2025,2344,9,Lei
3197 - Abertura de Crédito Adicional 1.372,26/03/2025,2344,9,Lei
3194 - Crédito Adicional Suplementar 3.772.133 - Educação,19/03/2025,2336,9,Lei
3191 - Crédito Adicional Especial 34.720,19/03/2025,2336,9,Lei
3192 - Crédito Adicional Especial 2.117,19/03/2025,2336,9,Lei
3193 - Altera Lei 2207-2018 - Conselho Saneamento Básico,19/03/2025,2336,9,Lei
3190 - Programa Autista no Esporte,19/03/2025,2336,9,Lei
3189 - Comemoração da Fundação do Pelotão da Cavalaria de Avaré,14/03/2025,2331,9,Lei
3186 - Programa Roda de Conversas - Doenças Mentais,14/03/2025,2331,9,Lei
3187 - Turismo Pedagógico,14/03/2025,2331,9,Lei
3188 - Responsabilidade Condomínios comunicarem ocorrência de violência doméstica,14/03/2025,2331,9,Lei
3179 - Crédito Adicional 10.866,28/02/2025,2318,9,Lei
3172 - Crédito Adicional 1.220.822,28/02/2025,2318,9,Lei
3165 - Crédito Adicional 229,28/02/2025,2318,9,Lei
3158 - Crédito Adicional 9.259,28/02/2025,2318,9,Lei
3183 - Crédito Adicional 1.000.000,28/02/2025,2318,9,Lei
3176 - Crédito Adicional 6.031.645,28/02/2025,2318,9,Lei
3169 - Crédito Adicional 9.393,28/02/2025,2318,9,Lei
3162 - Crédito Adicional 89.174,28/02/2025,2318,9,Lei
368 - Cria vagas -  Chefe de Planejamento e Gestão de Gabinete,28/02/2025,2318,9,Lei
3180 - Crédito Adicional 19.560,28/02/2025,2318,9,Lei
3173 - Crédito Adicional 1.017,28/02/2025,2318,9,Lei
3166 - Crédito Adicional 813,28/02/2025,2318,9,Lei
3159 - Crédito Adicional 8.988,28/02/2025,2318,9,Lei
365 - Reduz gratificação Auxiliar de Procuradoria,28/02/2025,2318,9,Lei
3184 - Crédito Adicional 2.147.000,28/02/2025,2318,9,Lei
3177 - Crédito Adicional 301.317,28/02/2025,2318,9,Lei
3170 - Crédito Adicional 12.392,28/02/2025,2318,9,Lei
3163 - Crédito Adicional 74.857,28/02/2025,2318,9,Lei
369 - Cria vagas -  Assessor Gestão Administrativa,28/02/2025,2318,9,Lei
3181 - Crédito Adicional 194.137,28/02/2025,2318,9,Lei
3174 - Crédito Adicional 3.874.835,28/02/2025,2318,9,Lei
3167 - Crédito Adicional 4.269,28/02/2025,2318,9,Lei
3160 - Crédito Adicional 32.006,28/02/2025,2318,9,Lei
367 - Cria vagas -  Coord. Tec. Adm. Divisão Expediente Secretaria de Gabinete - Assessor Saúde,28/02/2025,2318,9,Lei
3185 - Crédito Adicional 2.600.000,28/02/2025,2318,9,Lei
3178 - Crédito Adicional 451.084,28/02/2025,2318,9,Lei
3171 - Crédito Adicional 30.774,28/02/2025,2318,9,Lei
3164 - Crédito Adicional 45.650,28/02/2025,2318,9,Lei
3157 - Crédito Adicional 553,28/02/2025,2318,9,Lei
3182 - Crédito Adicional 48.103,28/02/2025,2318,9,Lei
3175 - Crédito Adicional 6.864.942,28/02/2025,2318,9,Lei
"3168 - Crédito Adicional 6,46",28/02/2025,2318,9,Lei
3161 - Crédito Adicional 35.146,28/02/2025,2318,9,Lei
366 - Cria vagas -  Chefe de planejamento e politicas públicas,28/02/2025,2318,9,Lei
364 - REFIS 2025,28/02/2025,2317,9,Lei
3155 - Crédito Adicional 1.805.708,25/02/2025,2312,9,Lei
3152 - Instalação de dispositivo QR CODE escolas,25/02/2025,2312,9,Lei
3156 - Crédito Adicional 2.098.732,25/02/2025,2312,9,Lei
3153 - Crédito Adicional 346.978,25/02/2025,2312,9,Lei
3154 - Crédito Adicional 369.383,25/02/2025,2312,9,Lei
3151 - Denomina logradouro - Margareth da Conceição de Oliveira JUbert - assinada,13/02/2025,2297,9,Lei
362 - ANEXOS Altera anexo III da Lei complementar 126-2010 - Função Gratificada DECON,13/02/2025,2297,9,Lei
3149 - Altera artigos da Lei DEMUTRAN - assinada,13/02/2025,2297,9,Lei
362 - Altera anexo III da Lei complementar 126-2010 - Função Gratificada DECON - assinada,13/02/2025,2297,9,Lei
3150 - Institui o Dia da Conscientização Alzaimer - Eu não te conheço - assinada,13/02/2025,2297,9,Lei
363 - Altera artigo 11 da da Lei Complementar 216-2016 - Adcional de substituição professor adjunto e monitor - educação - assinada,13/02/2025,2297,9,Lei
355- Criação da Secretaria Municipal da Proteção e do Bem estar Animal,31/01/2025,2281,9,Lei
342 - Salario Minimo,31/01/2025,2281,9,Lei
349- criação da Secretaria Municipal de Segurança Pública,31/01/2025,2281,9,Lei
3147 -abertura de Crédito,31/01/2025,2281,9,Lei
358- criação Scretaria de Inclusão e Transtorno,31/01/2025,2281,9,Lei
"345 -alteração o § único, do artigo 1º, da Lei Complementar nº 304",31/01/2025,2281,9,Lei
354- criação da Secretaria Municipal de Chefia de Gabinete do Executivo,31/01/2025,2281,9,Lei
"361- alteração do anexo II – Lei Complementar 251, de 11 de maio de 2020, alterada através da Lei Complementar 332, de 26 de fevereiro de 2024 e da Lei Complementar nº334",31/01/2025,2281,9,Lei
348- extinção dos cargos,31/01/2025,2281,9,Lei
3148 -abertura de Crédito,31/01/2025,2281,9,Lei
357- alteração da Lei Complementar nº 277 e do anexo III,31/01/2025,2281,9,Lei
344 - alteração do anexo III – Quadro de Pessoal – Cargos em Comissão – Lei Complementar 126,31/01/2025,2281,9,Lei
351- criação da Secretaria Municipal de inovação e tecnologia,31/01/2025,2281,9,Lei
353- criação da Secretaria Municipal de Fiscalização de Postura Municipais,31/01/2025,2281,9,Lei
"360- alteração do anexo III – Quadro de Pessoal – Cargos em Comissão – Lei Complementar 126, de 02 de junho de 2010, alterada através da LC 292, de 22 de julho de 2022",31/01/2025,2281,9,Lei
"347- alteração do anexo II– Lei Complementar 251, de 11 de maio de 2020",31/01/2025,2281,9,Lei
356- Criação da Secretaria Municipal da Juventude,31/01/2025,2281,9,Lei
343 - Sec ind. e com,31/01/2025,2281,9,Lei
350- criação da Secretaria Municipal de Relações Pública,31/01/2025,2281,9,Lei
352- criação da Secretaria Municipal de Gestão Pública,31/01/2025,2281,9,Lei
359- Secretaria Municipal de Transportes e Serviços,31/01/2025,2281,9,Lei
"346- alteração do anexo I, da Lei Complementar nº 126, de 02 de junho de 2010, alterada através da Lei Complementar 329, de 06 de dezembro de 2023",31/01/2025,2281,9,Lei
341 - Disciplina a cessão e recebimento de servidor público,13/01/2025,2255,9,Lei
3146 - Revoga Lei 2593 - exames toxicológicos,13/01/2025,2255,9,Lei
3145 - Institui o Dia do Rio Paranapanema,08/01/2025,2254,9,Lei
"3142 -  Crédito adicional especial -96.622,71 - educação",17/12/2024,2232,8,Lei
"3141 -  Crédito adicional suplementar -18.670,01 - planejamento",17/12/2024,2232,8,Lei
"3144 -  Crédito adicional especial -130.039,57 - educação",17/12/2024,2232,8,Lei
"3140 -  Crédito adicional suplementar -18.670,01 - planejamento",17/12/2024,2232,8,Lei
"3143 -  Crédito adicional especial -40.550,62 - educação",17/12/2024,2232,8,Lei
3139 - CÂMARA -  Dia do Campista Caravanista,12/12/2024,2227,8,Lei
3138 - CÂMARA - autorização para criação de vagas de embarque e desembarque motoristas de aplicativo,06/12/2024,2219,8,Lei
3137 - CÂMARA - Institui o programa cuidando de quem cuida,06/12/2024,2219,8,Lei
"3132 -  Crédito adicional suplementar - 23.758,71",05/12/2024,2213,8,Lei
"3135 -  Crédito adicional suplementar -3.302.159,90 - educação",05/12/2024,2213,8,Lei
"3131 -  Crédito adicional especial - 50.000,00",05/12/2024,2213,8,Lei
"3134 -  Crédito adicional suplementar -301.784,27 - meio ambiente",05/12/2024,2213,8,Lei
"3133 -  Crédito adicional suplementar - 242.839,06 - planejamento",05/12/2024,2213,8,Lei
"3136 -  Crédito adicional especial -414.736,71 - educação",05/12/2024,2213,8,Lei
3130 -  Institui o Dia do Colaboarador da Industria de Confecçao,29/11/2024,2201,8,Lei
3129 -  Revogação da Lei 3048 de 2024 - dia do profissional da industria textil,29/11/2024,2201,8,Lei
3128 -  autoriza desembolsar valores delegação avareense dos 86º jogos abertos 2024 - são jose do rio preto,21/11/2024,2189,8,Lei
3127 -  Estima a receita fixa e despesa do municipio 2025,13/11/2024,2182,8,Lei
340 - Estabelece novo valor ao vale alimentação  - 1º de janeiro de 2025,13/11/2024,2182,8,Lei
3126 - CÂMARA - Garante a emissão de certidão negativa de fornecimento de medicamento ou tratamento médico aos usuáios da Rede Publica de Sáude,13/11/2024,2182,8,Lei
"3125 -  Crédito adicional especial - 528.596,37 - planejamento",06/11/2024,2173,8,Lei
"3124 -  Crédito adicional especial - 62.564,77 - saúde",31/10/2024,2166,8,Lei
339 -Institui o Programa de Recuperação Fiscal - REFIS,30/10/2024,2163,8,Lei
3123 -  Cria o centro de referencia de atendimento a mulher no municipio de avare - CRAM,25/10/2024,2159,8,Lei
338 -Alteração de dispositivo da lei complementar 216 2016 - educação,25/10/2024,2159,8,Lei
"3121 -  Crédito Adicional Especial - 46.561,17 - educação",17/10/2024,2148,8,Lei
337 -Alteração de dispositivo da lei 2007 2016,17/10/2024,2148,8,Lei
"3122 -  Crédito Adicional Suplementar - 3.075.496,44 - educação",17/10/2024,2148,8,Lei
336 - Normas e diretrizes gerais a realizaçao de concursos publicos no ambito da administração publica municipal,16/10/2024,2147,8,Lei
3120 - CÂMARA - institui a Politica Municipal de Proteção dos Direitos da Pessoa com Fibromialgia (2),09/10/2024,2138,8,Lei
"3116 -  Crédito Adicional Especial - 2.501,59 - semads",02/10/2024,2131,8,Lei
3119 - CÂMARA - cria estatuto da pessoa com transtorno do espectro autista - TEA,02/10/2024,2131,8,Lei
"3115 -  Crédito Adicional Especial - 52.529,53 - semads",02/10/2024,2131,8,Lei
3118  - CÂMARA - garante vagas em CEIs proximos à residencia menores de 04 anos,02/10/2024,2131,8,Lei
"3117 -  Crédito Adicional Especial - 465.580,83 - educação",02/10/2024,2131,8,Lei
3114 - CÂMARA - proibe a comercialização e instalaçaõ de equipamento pra motocicletas  com ruídos acima do limite,25/09/2024,2123,8,Lei
3113 - CÂMARA - obrigatoriedade de aplicaçao do questionario m-chat para rastreametneo precoce de autismo,18/09/2024,2116,8,Lei
3112 - CÂMARA - autoriza a criação do centro especializado de pessoas com transtorno do espectro autista,18/09/2024,2116,8,Lei
3111 - CÂMARA - criaçao do conselho muncipal do bem-estar dos animais e do fundo de proteçao e bem-estra animal,18/09/2024,2116,8,Lei
3109 - Dispõe sobre a divulgação de informações relativas a contratos de locação de imóveis pela administração publica,11/09/2024,2106,8,Lei
3108 - CÂMARA -  dispoe sobre proibição de manter animais domesticos acorrentados e em espaços confinados,11/09/2024,2106,8,Lei
3110 - CÂMARA - institui a campanha escolar de conscientização contra fake news nas escolas da rede publica,11/09/2024,2106,8,Lei
3106 - CÃMARA  - institui programa de cuidado dos profissionais da educaçaço,05/09/2024,2100,8,Lei
3107 - CÂMARA - autoriza a criação do centro municipal de equoterapia,05/09/2024,2100,8,Lei
3105 - CÂMARA - programa educaçao animal na escola,28/08/2024,2094,8,Lei
3104 - CÂMARA - institui politica municipal de incentivo e fomento às rodas culturais de Batalha de Rimas,28/08/2024,2094,8,Lei
3103 - CÂMARA - criar espaço Sala do Afeto - Calm Zone - destinado a autitas,28/08/2024,2094,8,Lei
3100 -  Institui Programa Municipal de Transporte Escolar Publico,22/08/2024,2089,8,Lei
"3102 -  Crédito Adicional Suplementar - 2.012.825,00 - saude",22/08/2024,2089,8,Lei
"3101 -  Crédito Adicional Suplementar - 100.000,00 - planejamento",22/08/2024,2089,8,Lei
"3097 -  Crédito adicional especial - R$ 127.889,10 - semads",14/08/2024,2080,8,Lei
"3096 -  Crédito adicional suplementar - R$ 262.324,16 - educação",14/08/2024,2080,8,Lei
"3099 -  Crédito adicional esoecial - R$ 400.000,00 - semads",14/08/2024,2080,8,Lei
"3095 -  Crédito adicional especial - R$ 30.979,39 - semads",14/08/2024,2080,8,Lei
"3098 -  Crédito adicional suplementar - R$ 259.583,33",14/08/2024,2080,8,Lei
335 - Altera a redação do artigo 113 da LC 150  - composição dos conselhos tutelares,08/08/2024,2075,8,Lei
3094 - CÂMARA - obrigatoriedade de assentos em farmacia,18/07/2024,2053,8,Lei
"3093 -  Crédito adicional especial - R$ 15.000,00  - semads",16/07/2024,2049,8,Lei
"3092 -  Crédito adicional especial - R$ 1.275.000,00  - saúde",16/07/2024,2049,8,Lei
"3091 -  Crédito adicional especial - R$ 182.860,00  - planejamento",16/07/2024,2049,8,Lei
3088 - CÂMARA - publicação da relação dos funcionarios de plantão no conselho tutelar,03/07/2024,2036,8,Lei
3087 - CÂMARA - Programa Meu Corpo Não é Coletivo,03/07/2024,2036,8,Lei
3090 - CÂMARA - dia do enxadrista,03/07/2024,2036,8,Lei
3089 - CÂMARA - dia municipal do Rotary Club,03/07/2024,2036,8,Lei
"3086 -  Crédito adicional especial - R$ 100.000,00 - semads",27/06/2024,2031,8,Lei
"3082 -  Crédito adicional especial - R$ 9.264,93 - semades",27/06/2024,2031,8,Lei
"3085 -  Crédito adicional especial - R$ 60.000,00 - semads",27/06/2024,2031,8,Lei
"3084 -  Crédito adicional especial - R$ 300.000,00 - semads",27/06/2024,2031,8,Lei
"3083 -  Crédito adicional suplementarl - R$ 182.860,00 - planejamento",27/06/2024,2031,8,Lei
3081 - CÂMARA - criação da Semana do Cuidar,26/06/2024,2030,8,Lei
"3079 -  Crédito adicional especial - R$ 32.188,61 - educação",19/06/2024,2024,8,Lei
"3078 -  Crédito adicional especial - R$ 2.921.646,02 - saúde",19/06/2024,2024,8,Lei
"3078 -  Crédito adicional especial - R$ 2.921.646,02 - saúde",19/06/2024,2024,8,Lei
3077 -  Diretrizes Orçamentárias Municipio  - LDO 2025,19/06/2024,2024,8,Lei
"3080-  Crédito adicional especial - R$ 116.996,39 - educação",19/06/2024,2024,8,Lei
3075 - CÃMARA - plataforma digital informativa das obras publicas,17/06/2024,2021,8,Lei
3076 - CÂMARA - inserção de mensagem informativa na contracapa do iptu sobre isencão,17/06/2024,2021,8,Lei
3071 - CÂMARA - Implantação do programa integrado de sáude e higiente nas escolas municipais,13/06/2024,2017,8,Lei
3074 - CÂMARA - revoga Lei 2411 de 2020,13/06/2024,2017,8,Lei
3073 - CÃMARA - institui nas maternidades e estabelecimantos hospitalares - libra,13/06/2024,2017,8,Lei
3072 - CÃMARA - dia municipal do outdoor,13/06/2024,2017,8,Lei
3067 -  Reorgania e reestrutura o conselho municipal de turismo - COMTUR - revoga lei 1275,10/06/2024,2012,8,Lei
3068 -  Autoriza desembolsar valores para custeio da delegação avareense dos 66º jogos regionais 2024 - sede itapetininga,10/06/2024,2012,8,Lei
3070 - CÂMARA - campanha cartela amiga,07/06/2024,2011,8,Lei
3069 - CÂMARA - Programa emprego 60+,07/06/2024,2011,8,Lei
3066 - CÂMARA -,05/06/2024,2008,8,Lei
"3063 -  Crédito adicional especial - R$132.475,20 - planejamento",03/06/2024,2004,8,Lei
"3062 -  Crédito adicional especial - R$35.512,81 - cultura",03/06/2024,2004,8,Lei
"3065 -  Crédito adicional especial - R$30.760,33 - sec mulher",03/06/2024,2004,8,Lei
"3061 -  Crédito adicional especial - R$13.000,00 - turismo",03/06/2024,2004,8,Lei
"3064 -  Crédito adicional especial - R$140.000,00 - meio ambiente",03/06/2024,2004,8,Lei
3060 - CÂMARA,24/05/2024,1998,8,Lei
3057 - CÂMARA,23/05/2024,1996,8,Lei
3056 - CÂMARA,23/05/2024,1996,8,Lei
3059 - CÂMARA,23/05/2024,1996,8,Lei
3058 - CÂMARA,23/05/2024,1996,8,Lei
"3055 -  Fixação de subsídio de prefeito, vice-prefeito, secretarios e chefe de gabinete",21/05/2024,1992,8,Lei
"3054 -  Crédito adicional especial - R$25.000,00 - agricultura",15/05/2024,1985,8,Lei
"3050 -  Crédito adicional especial - R$ 1.971.654,48 - saúde",15/05/2024,1985,8,Lei
"3053 -  Crédito adicional especial - R$ 26.454,35 - semads",15/05/2024,1985,8,Lei
"3052 -  Crédito adicional especial - R$ 506.610,40 - cultura",15/05/2024,1985,8,Lei
"3051 -  Crédito adicional suplementar - R$ 3.433.077,29 - saúde",15/05/2024,1985,8,Lei
3048 -  Dia do Profissional da Indústria Textil,10/05/2024,1981,8,Lei
3049 - CÂMARA - Dia Municipal dos Veteranos das Forças de Segurança,09/05/2024,1977,8,Lei
"3046 -  Crédito adicional suplementar - R$ 8.452,29 - educação",08/05/2024,1976,8,Lei
"3045 -  Crédito adicional especial - R$168.677,75 - saúde",08/05/2024,1976,8,Lei
"3044 -  Crédito adicional especial - R$ 117.929,64 - saúde",08/05/2024,1976,8,Lei
"3047 -  Crédito adicional especial - R$ 538.914,22 - saúde",08/05/2024,1976,8,Lei
"3043 -  Crédito adicional especial - R$ 438.955,10 - educação",08/05/2024,1976,8,Lei
"3042 -  Crédito adicinal especial - R$ 4.737,86 - planejamento",03/05/2024,1969,8,Lei
3041-  Alteração do art. 1º da lei 2738 - sitio sta barbara,03/05/2024,1969,8,Lei
3040 - CÂMARA -,26/04/2024,1961,8,Lei
"3039 -  Crédito adicinal especial - R$ 1.514.568,00 - saude",26/04/2024,1961,8,Lei
3038 - CÂMARA -,11/04/2024,1944,8,Lei
3037 -  Revogação da Lei 2329  que autoriza desafetar áreas de terras à Associação Amigo Solidário,04/04/2024,1934,8,Lei
3036 - CÂMARA - Revogação da Lei 2.958 - que reconhecia ADI como professor,03/04/2024,1933,8,Lei
"3029 -  Crédito adicinal especial - R$ 110.255,90 - educação",27/03/2024,1925,8,Lei
3025 -  Institui a Politica Municipal pela Primeira Infancia,27/03/2024,1925,8,Lei
"3032 -  Crédito adicinal especial - R$ 1.384.780,00 - planejamento",27/03/2024,1925,8,Lei
"3028 -  Crédito adicinal suplementar - R$ 6.750,58 - educação",27/03/2024,1925,8,Lei
"3035 -  Crédito adicinal suplementar - R$ 89.678,05 - semads",27/03/2024,1925,8,Lei
334 - Cria cargo - Chefe de Departamento - Educação,27/03/2024,1925,8,Lei
"3031 -  Crédito adicinal especial - R$ 300.000,00 - planejamento",27/03/2024,1925,8,Lei
"3027 -  Crédito adicinal especial - R$ 5.390,32 - Semads",27/03/2024,1925,8,Lei
"3034 -  Crédito adicinal especial - R$ 841.847,31 - educação",27/03/2024,1925,8,Lei
"3030 -  Crédito adicinal especial - R$ 432,28 - agricultura",27/03/2024,1925,8,Lei
"3026 -  Crédito adicinal especial - R$ 1.637,33 - Semads",27/03/2024,1925,8,Lei
"3033 -  Crédito adicinal especial - R$ 1.655.531,32 - serviços",27/03/2024,1925,8,Lei
"3023 -  Crédito Adicional Especial -392,39 - semads",14/03/2024,1911,8,Lei
"3019 -  Crédito Adicional Especial -1262,45 - semads",14/03/2024,1911,8,Lei
"3015 -  Crédito Adicional Especial - 2.174,36 - planejamento",14/03/2024,1911,8,Lei
"3022 -  Crédito Adicional Especial -156.796,19 - semads",14/03/2024,1911,8,Lei
"3018 -  Crédito Adicional Especial - 939,80 - semads",14/03/2024,1911,8,Lei
3014 -  Inclui área da matricula 88222 no perímetro urbano,14/03/2024,1911,8,Lei
"3021 -  Crédito Adicional Especial -146,88 - semads",14/03/2024,1911,8,Lei
"3017 -  Crédito Adicional Especial - 20.087,46 - semads",14/03/2024,1911,8,Lei
"3024 -  Crédito Adicional Especial -60.000,00 - turismo",14/03/2024,1911,8,Lei
"3020 -  Crédito Adicional Especial -156.796,19 - semads",14/03/2024,1911,8,Lei
3013 - CÂMARA,14/03/2024,1911,8,Lei
"3016 -  Crédito Adicional Especial - 27.128,82 - semads",14/03/2024,1911,8,Lei
3012 - CÂMARA,04/03/2024,1897,8,Lei
"2996 -  Crédito Adicional Especial - 2.265.795,15 - fumboar",28/02/2024,1891,8,Lei
"3003 -  Crédito Adicional Especial -9.148,70 - semads",28/02/2024,1891,8,Lei
"3010 -  Crédito Adicional Especial -50.369,34 - saúde",28/02/2024,1891,8,Lei
"2999 -  Crédito Adicional Especial - 500.759,86 - semads",28/02/2024,1891,8,Lei
"3006 -  Crédito Adicional Especial -34.123,80 - semads",28/02/2024,1891,8,Lei
"3002 -  Crédito Adicional Especial -114.289,99 - semads",28/02/2024,1891,8,Lei
"3009 -  Crédito Adicional Especial -20.682.628,68 - saúde",28/02/2024,1891,8,Lei
"2998 -  Crédito Adicional Especial - 56.177,95 -assuntos juridicos",28/02/2024,1891,8,Lei
"3005 -  Crédito Adicional Especial -1.533.394,44 - semads",28/02/2024,1891,8,Lei
"3001 -  Crédito Adicional Especial -137.641,80 - semads",28/02/2024,1891,8,Lei
"3008 -  Crédito Adicional Especial -166.936,70 - semads",28/02/2024,1891,8,Lei
"2997 -  Crédito Adicional Especial - 1.522.890,50 - meio ambiente",28/02/2024,1891,8,Lei
"3004 -  Crédito Adicional Especial -942,22 - semads",28/02/2024,1891,8,Lei
"3011 -  Crédito Adicional Especial -10.210.765,59 - saúde",28/02/2024,1891,8,Lei
"3000 -  Crédito Adicional Especial - 512,73 - semads",28/02/2024,1891,8,Lei
"3007 -  Crédito Adicional Especial -69.526,96 - semads",28/02/2024,1891,8,Lei
333 - Cria cargo - Vice Diretor e Coordenador Pedagógico,26/02/2024,1884,8,Lei
332 - Alteração da Lei Complementar 251 - FG Chefe,26/02/2024,1884,8,Lei
2986 - CÂMARA,23/02/2024,1881,8,Lei
2993 - CÂMARA,23/02/2024,1881,8,Lei
2982 - CÂMARA,23/02/2024,1881,8,Lei
2989 - CÂMARA,23/02/2024,1881,8,Lei
2985 - CÂMARA,23/02/2024,1881,8,Lei
2992 - CÂMARA,23/02/2024,1881,8,Lei
2988 - CÂMARA,23/02/2024,1881,8,Lei
2995 - CÂMARA,23/02/2024,1881,8,Lei
2984 - CÂMARA,23/02/2024,1881,8,Lei
2991 - CÂMARA,23/02/2024,1881,8,Lei
2987 - CÂMARA,23/02/2024,1881,8,Lei
2994 - CÂMARA,23/02/2024,1881,8,Lei
2983 - CÂMARA,23/02/2024,1881,8,Lei
2990 - CÂMARA,23/02/2024,1881,8,Lei
2968 - CAMARA,09/02/2024,1867,8,Lei
2975 - CÂMARA,09/02/2024,1867,8,Lei
2971 - CÂMARA,09/02/2024,1867,8,Lei
2978 - CÂMARA,09/02/2024,1867,8,Lei
2974 - CÂMARA,09/02/2024,1867,8,Lei
2981 - CÂMARA,09/02/2024,1867,8,Lei
2970 - CÂMARA,09/02/2024,1867,8,Lei
2977 - CÂMARA,09/02/2024,1867,8,Lei
2973 - CÂMARA,09/02/2024,1867,8,Lei
2980 - CÂMARA,09/02/2024,1867,8,Lei
2969 - CÂMARA,09/02/2024,1867,8,Lei
2976 - CÂMARA,09/02/2024,1867,8,Lei
2972 - CÂMARA,09/02/2024,1867,8,Lei
2979 - CÂMARA,09/02/2024,1867,8,Lei
"331 - Novo valor Vale Alimentação - 600,00",07/02/2024,1862,8,Lei
2966 - Direito Real de uso de terras à ACSPMESP,29/12/2023,1820,7,Lei
Lei 2964,29/12/2023,1820,7,Lei
2967 - Altera a Lei 2767.2022 ANCR,29/12/2023,1820,7,Lei
Lei 2965,29/12/2023,1820,7,Lei
Lei 2963,29/12/2023,1820,7,Lei
2956 - Autoriza a concessão de direito real de uso de bem imovel - Mikirela,18/12/2023,1809,7,Lei
2959 - CAMARA,08/12/2023,1802,7,Lei
2962 - CAMARA,08/12/2023,1802,7,Lei
2958 - CAMARA,08/12/2023,1802,7,Lei
2961 - CAMARA,08/12/2023,1802,7,Lei
2957 - CAMARA,08/12/2023,1802,7,Lei
"2954 - Crédito adicional suplementar  16.412,24 - planejamento",08/12/2023,1802,7,Lei
2960 - CAMARA,08/12/2023,1802,7,Lei
327 - Alteração da Lei Complementar 298 de 2022 - função gratificada Controlador Adjunto,07/12/2023,1800,7,Lei
330 - Criação do cargo de Psicologo Escolar e Assistente Social Escolar,07/12/2023,1800,7,Lei
329 - Alteração da Lei Complementar 251 de 2020 -  função gratificada chefe de departamento,07/12/2023,1800,7,Lei
328 - Alteração da Lei Complementar 245 de 2019  e 289 de  2022- função gratificada auxiliar de procuradoria,07/12/2023,1800,7,Lei
2955 - Revogação do inc V do art 104 da Lei 315 1995 - licença premio,07/12/2023,1800,7,Lei
2948 - Mesa Diretora -  Altera o quadro III Das Funções Especiais da Lei 1812,06/12/2023,1799,7,Lei
2953 - CAMARA,01/12/2023,1793,7,Lei
2948 - Institui o Plano Diretor do Turismo,01/12/2023,1793,7,Lei
2952 - CAMARA,01/12/2023,1793,7,Lei
2947 -  Estima a receita e fixa a despesa do municipio em 2024,01/12/2023,1793,7,Lei
2951 - CAMARA,01/12/2023,1793,7,Lei
325 - Altera a LC 213 de 2016 - 160 metros,01/12/2023,1793,7,Lei
2949 - Ratifica o protocolo de intenções e autoriza o ingresso no Consorcio Polo Cuesta,01/12/2023,1793,7,Lei
2950 - CÂMARA,01/12/2023,1793,7,Lei
"2945 -  Crédito Adicional Especial - 19.459,63 semads",30/11/2023,1791,7,Lei
"2946 -  Crédito Adicional Especial - 10.431,33 semads",30/11/2023,1791,7,Lei
2944 - CAMARA - Programa cidade amiga do idoso,27/11/2023,1786,7,Lei
2943 - CAMARA - implementação do sistema ABA para crianças com TEA,27/11/2023,1786,7,Lei
"2942 -  Crédito Adicional Especial - 392.005,54 - Educação",23/11/2023,1784,7,Lei
"2941 -  Crédito Adicional Suplementar - 43.416,55 - planejamento",23/11/2023,1784,7,Lei
2940 - Institui o Programa Mulher Empreendedora e o Projeto Lidera Mulher,13/11/2023,1775,7,Lei
2936 - CAMARA - Programa Violencia Zero nas Escolas,10/11/2023,1774,7,Lei
2932 - CAMARA - Substituição dos sinais sonoros - TEA,10/11/2023,1774,7,Lei
2939 - CAMARA - areas escolares de segurança,10/11/2023,1774,7,Lei
2935 - CAMARA - Junho Laranja  - Leucemia,10/11/2023,1774,7,Lei
2931 - CAMARA - Campanha Ponto Violeta,10/11/2023,1774,7,Lei
2938 - CAMARA - Programa Vencendo Barreirias,10/11/2023,1774,7,Lei
2934 - CAMARA - Pagamento de boleto iptu em braile,10/11/2023,1774,7,Lei
2937 - CAMARA - Programa Aluno Nota Dez,10/11/2023,1774,7,Lei
2933 - CAMARA - Campanha Agosto Laranja - Esclerose Multipla,10/11/2023,1774,7,Lei
"2930 -  Dispõe sobre alteração do art 4º da lei 1647 - autoriza 170.000,00 esporte",09/11/2023,1771,7,Lei
"324 - Criação de cargo de PEB I, alterando anexo I da LC 216 de 2016",09/11/2023,1771,7,Lei
"2929 -  Crédito Adicional Especial - 669.501,50 - saude",01/11/2023,1764,7,Lei
"2928 -  Crédito Adicional Especial - 128.627,96 - saude",01/11/2023,1764,7,Lei
2925 - Câmara - Proibição de uso floreiras de plasticos nas dependencias do cemitério,20/10/2023,1754,7,Lei
2924 - Câmara - Programa Henry Borel,20/10/2023,1754,7,Lei
2927 - Câmara - Alteração do art 1º da Lei 2663,20/10/2023,1754,7,Lei
2923 - Câmara - Instalação do Botão do Pânico nas escolas publicas,20/10/2023,1754,7,Lei
2926 - Câmara - divulgação de informações de recursos derivados de multas,20/10/2023,1754,7,Lei
"2922-  Crédito Adicional Suplementar - 34.944,86 - planejamento",17/10/2023,1751,7,Lei
"2921-  Crédito Adicional Suplementar - 5.999,12 - planejamento",17/10/2023,1751,7,Lei
2920 - CAMARA  revogação da lei 2777 de 2022 - Programa Legislativo Jovem Profissional,10/10/2023,1746,7,Lei
323 - Criação de cargo de Assistente Técnico em Psicopedagogia,10/10/2023,1746,7,Lei
2919 - CAMARA - Institui núcleos permanentes de mediação de conflito escolar e social,06/10/2023,1744,7,Lei
2919 - Institui núcleos permanentes de mediação de conflito escolar e social,06/10/2023,1744,7,Lei
"2918 -  Crédito Adicional Especial - 1.212,00 - semads",04/10/2023,1741,7,Lei
2915 - CAMARA,28/09/2023,1736,7,Lei
2914 - CAMARA,28/09/2023,1736,7,Lei
2917 - CAMARA,28/09/2023,1736,7,Lei
2913 - CAMARA,28/09/2023,1736,7,Lei
2916 - CAMARA,28/09/2023,1736,7,Lei
"2912 - Autoriza concessão de complemento da diferença remuneratorio - Enfermeiros, Tecnicos em enfermagem e auxiliares de enfermagem",28/09/2023,1735,7,Lei
322 - Criação de cargo de Técnico em Telecomunicações,21/09/2023,1729,7,Lei
"2911 -  Crédito Adicional Especial - 24.183,29 - planejamento e obras",21/09/2023,1729,7,Lei
"2910 -  Crédito Adicional Especial - 1.393,29 - planejamento e obras",21/09/2023,1729,7,Lei
2909 - Revogação da Lei 2523 - Folga de aniversário,21/09/2023,1729,7,Lei
2908 - Adiantamento para realização dos 85º jogos abertos  do estado de sp - sede são josé rio preto 2023,21/09/2023,1729,7,Lei
321 - Alteração do quadro de função gratificada - semads,12/09/2023,1722,7,Lei
"2907 - Crédito adicional especial - turismo - 47.000,00",12/09/2023,1722,7,Lei
2906 - inclui área no perímetro urbano - 68 alqueires - Fazenda Onça,12/09/2023,1722,7,Lei
"2904 - Crédito adicional especial - cultura - 785.356,78",05/09/2023,1717,7,Lei
"2905 - Crédito adicional especial - sec mulher - 100.000,00",05/09/2023,1717,7,Lei
2903 - CAMARA,01/09/2023,1713,7,Lei
2899 - CAMARA,01/09/2023,1713,7,Lei
2902 - CAMARA,01/09/2023,1713,7,Lei
2898 - CAMARA,01/09/2023,1713,7,Lei
2901 - CAMARA,01/09/2023,1713,7,Lei
2900 - CAMARA,01/09/2023,1713,7,Lei
"2897 - Crédito adicional especial - saúde - 79.123,32",29/08/2023,1708,7,Lei
2895 - CAMARA,28/08/2023,1706,7,Lei
2894 - CAMARA,28/08/2023,1706,7,Lei
2893 - CAMARA,28/08/2023,1706,7,Lei
2896 - CAMARA,28/08/2023,1706,7,Lei
"2891 - Crédito adicional especial - semads - 243,16",23/08/2023,1701,7,Lei
2890 - Crédito adicional especial - educação - 31.761.60,23/08/2023,1701,7,Lei
2889 - Adiatamento de recursos financeiros destinados a realização da 40ª FAMPOP,23/08/2023,1701,7,Lei
"2892 - Crédito adicional suplementar - educaçao - 1.420.525,00",23/08/2023,1701,7,Lei
"2888 - Crédito adicional especial - Educação - 75.918,00 l",23/08/2023,1701,7,Lei
"2887 - Crédito adicional suplementar - Diversas Secretarias - 11.154.900,00 - Progressão",22/08/2023,1700,7,Lei
2885 - Câmara - Obrigação de divulgação dos nomes de médicos que estão em horário de atendimento nas unidades de saúde do mun,22/08/2023,1699,7,Lei
2884 - Câmara - Dispõe sobre reconhecimento do direito da pessoa com transtorno de espectro autista - TEA,22/08/2023,1699,7,Lei
2886 - Câmara - Estabelece validade indeterminada ao Laudo Médico Pericial que ateste o Transtorno do Escpectro Autista - TEA,22/08/2023,1699,7,Lei
2883 - Revisão Geral Anual e Reajuste Salarial - FREA,16/08/2023,1695,7,Lei
"2882 - Crédito Adicional especial  - 376.107,78 - Transp e serviços",15/08/2023,1694,7,Lei
"2881 - Crédito Adicional suplementar - 700.000,00 - Plan e Obras",15/08/2023,1694,7,Lei
320 - Alteração Progressão,15/08/2023,1694,7,Lei
"2878 - Crédito Adicional Especial - 38.289,70 - Serviços",10/08/2023,1690,7,Lei
2877 - Dispõe sobre o procedimento para instalação de infraestrutura de suporte para estação transmissora de Radiocomunicação - ETR,10/08/2023,1690,7,Lei
"2880 - Crédito Adicional Especial - 1.029.097,85 - Semads",10/08/2023,1690,7,Lei
"2879 - Crédito Adicional Especial - 344.128,65 - Serviços",10/08/2023,1690,7,Lei
319 - Criação de cargo de Neuropsicólogo,07/08/2023,1687,7,Lei
315 - Criação de cargo de tecnico em enfermagem do trabalho,07/08/2023,1687,7,Lei
318 - Criação de cargo de Farmaceutico,07/08/2023,1687,7,Lei
314 - Alteração do anexo I quadro de pessoal permanente - cria cargo de tecnico em enfermagem,07/08/2023,1687,7,Lei
317 - Criação de cargo de provimento efetivo na modalidade de educaçao bilingue de surdos - Libras,07/08/2023,1687,7,Lei
2876 - Alteração do art. 1º da Lei 1824 - COMSEA - Conselho Municipal de Segurança Alimentar e Nutricional,07/08/2023,1687,7,Lei
316 - Criação de cargo de profissional de apoio escolar,07/08/2023,1687,7,Lei
"2875 - Crédito adicional suplementar - educação - 1.798.857,27",27/07/2023,1677,7,Lei
"2871 - Crédito adicional suplementar - educação - 1.343.809,38",27/07/2023,1677,7,Lei
"2874 - Crédito adicional especial - semads - 150.000,00",27/07/2023,1677,7,Lei
"2870 - Crédito adicional especial - saúde - 22.971,29",27/07/2023,1677,7,Lei
"2873 - Crédito adicional especial - semads - 150.000,00",27/07/2023,1677,7,Lei
"2869 - Crédito adicional especial - saúde - 200.000,00",27/07/2023,1677,7,Lei
313 - Dispõe sobre a criação da Gratificação por exercício de Responsabilidade Tecnica GRT - cargo contador,27/07/2023,1677,7,Lei
"2872 - Crédito adicional especial - semads - 50.000,00",27/07/2023,1677,7,Lei
"2868 - Crédito adicional especial - semads - 50.000,00",27/07/2023,1677,7,Lei
2867 - LDO 2024,05/07/2023,1656,7,Lei
"2863 - CRED.ADICIONAL ESPECIAL ANULAÇÃO FES-PAB - Saúde - 183.584,00",30/06/2023,1652,7,Lei
2864 - EXCESSO ARREC.(SAUDE)-EMENDA INDIVIDUAL,30/06/2023,1652,7,Lei
2865 - SUPERAVIT FINANC. DEVOLUÇÃO TRANSP.ESTADUAL - EDUCAÇÃO,30/06/2023,1652,7,Lei
2866 -  SUPERAVIT FINANC. DEVOLUÇÃO DSE MERENDA - EDUCAÇÃO,30/06/2023,1652,7,Lei
2862 - Dispõe sobre alterações do inciso I e II do art. 1º - Atividade Delegada,29/06/2023,1650,7,Lei
2861 - Campanha Check up geral nas mulheres,27/06/2023,1648,7,Lei
2858 - Autoriza as instituições de ensino a contratarem profissionais de segurança especializados,20/06/2023,1641,7,Lei
312 - Institui o Programa de Recuperação Fiscal - REFIS,20/06/2023,1641,7,Lei
2857 - Proíbe e criminaliza a promoção de estimulo pornográfico nas escolas municipais,20/06/2023,1641,7,Lei
"2860 - Crédito Adicional Especial - SEMADS - 30.169,65",20/06/2023,1641,7,Lei
"2859 - Crédito Adicional Especial - SEMADS - 27.940,97",20/06/2023,1641,7,Lei
"2856 - Crédito Adicional Especial - Saúde - 7.950,24",14/06/2023,1634,7,Lei
2855 - 65º Jogos Regionais do Estado de São de 2023,14/06/2023,1634,7,Lei
"2854 - Crédito Adicional suplementar - educação - 2.606.511,48",07/06/2023,1628,7,Lei
"2853 - Crédito Adicional Especial - turismo - 100.000,00",07/06/2023,1628,7,Lei
"2852 - Crédito Adicional Especial - Meio Ambiente - 327.980,72",06/06/2023,1627,7,Lei
2851 - Revogação da Lei 2510 - capina quimica,01/06/2023,1623,7,Lei
311 - Criação de cargo de Terapeuta Ocupacional,01/06/2023,1623,7,Lei
"2848 - Crédito Adicional Especial - Educação - 328.192,68",19/05/2023,1609,7,Lei
"2849 - Crédito Adicional Especial -saude - 1.413.114,16",19/05/2023,1609,7,Lei
"2846 - Crédito Adicional Especial - Saúde - 2.850,80",19/05/2023,1609,7,Lei
2850 - Concessão da GES - gratificação espcial de serviço para atuação na Ação do Cadastro Único,19/05/2023,1609,7,Lei
"2847 - Crédito Adicional Especial - Saúde - 401.668,88",19/05/2023,1609,7,Lei
310 - Revoga Lei Complementar 249 de 2019 - gratificaçao por desempenho Lei Delegada,04/05/2023,1589,7,Lei
2843 - Criação da Comissão Permanente para Equipe de Apoio das Licitações,04/05/2023,1589,7,Lei
2845 - Nova redação e inclusão de dispositivo da Lei Municipal 315 de 1995 estatuto,04/05/2023,1589,7,Lei
"2844 - Crédito Adicional Especial - Agricultura - 30.897,66",28/04/2023,1586,7,Lei
"2842 - Crédito Adicional Especial - saúde - 951.335,30",28/04/2023,1586,7,Lei
2843 - Criação da Comissão Permanente para Equipe de Apoio das Licitações,28/04/2023,1586,7,Lei
"2841 - Crédito Adicional Especial - FUNDEB - 397,73",28/04/2023,1585,7,Lei
2840 - Câmara - Divulgação da lista de espera para vagas nas escolas municipais,27/04/2023,1584,7,Lei
308 - Alteração da Lei Complementar 213 de 2016 - Plano Diretor ZM 1 e  ZM2,25/04/2023,1581,7,Lei
309 - Alteração da Lei Complementar 213 de 2016 - Plano Diretor ZM 3,25/04/2023,1581,7,Lei
2839 -Inclui área no Perímetro Urbano do Municipio - Fazenda Primavera,13/04/2023,1571,7,Lei
2837 - Regulamenta Lei Federal 14285 - parcelamento do solo urbano,04/04/2023,1562,7,Lei
"2836 - Crédito Adicional Especial - educação - 78.070,90",04/04/2023,1562,7,Lei
2838 - Cria Gratificação por Desempenho de Atividade Delegada,04/04/2023,1562,7,Lei
2835 - Alteração do art 11 da LC 298 2022 - designação função gratificada,29/03/2023,1558,7,Lei
"2834 -Crédito Adicional Especial - 350.392,26 - saúde",29/03/2023,1558,7,Lei
307 - Alteração do salário do emprego público de Servente de Limpeza PSF,29/03/2023,1558,7,Lei
2833 - Alteração do art. 2º da Lei 2532 - concessão empresa Cléia Dalva Pereira Balera-ME,29/03/2023,1558,7,Lei
306 - Criação de cargo de psicologo e assistente social,29/03/2023,1558,7,Lei
2829 - Reconhece os rodeios como patrimonio cultural,28/03/2023,1557,7,Lei
"2830 - Crédito Adicional Especial - planejamento - 743.792,60",16/03/2023,1548,7,Lei
305 - alteração do inc I e II do art 8º da LC 260 - cria cmpd,16/03/2023,1548,7,Lei
"2832 - Crédito Adicional Especial - transportes - 225.264,41",16/03/2023,1548,7,Lei
"2831 - Crédito Adicional Especial - saude - 487.080,54",16/03/2023,1548,7,Lei
"2819 - Crédito Adicional Especial - semads - 13.602,05",07/03/2023,1539,7,Lei
"2826 - Crédito Adicional Especial - transp - 596.841,77",07/03/2023,1539,7,Lei
"2815 - Crédito Adicional Especial - 468.483,36",07/03/2023,1539,7,Lei
"2822 - Crédito Adicional Especial - semads - 3.251,81",07/03/2023,1539,7,Lei
"2811 - Crédito Adicional Especial - semads - 43.744,75",07/03/2023,1539,7,Lei
"2818 - Crédito Adicional Especial -52.780,50",07/03/2023,1539,7,Lei
"2825 - Crédito Adicional Especial - semads - 56.616,86",07/03/2023,1539,7,Lei
2814 - Alteração do inciso I art 2º da Lei 674 2004 - Vila,07/03/2023,1539,7,Lei
"2821 - Crédito Adicional Especial - semads - 1.288,47",07/03/2023,1539,7,Lei
"2828 - Crédito Adicional Especial - saude - 397.860,55",07/03/2023,1539,7,Lei
"2810 - Crédito Adicional Especial - semads - 356.726,15",07/03/2023,1539,7,Lei
"2817 - Crédito Adicional Especial - 65.919,27",07/03/2023,1539,7,Lei
"2824 - Crédito Adicional Especial - semads - 15.734,08",07/03/2023,1539,7,Lei
2813 - Autoriza efetuar desafetação e doação - CERIPA,07/03/2023,1539,7,Lei
"2820 - Crédito Adicional Especial - semads - 6.980,51",07/03/2023,1539,7,Lei
"2827 - Crédito Adicional Especial - educ - 476.510,22",07/03/2023,1539,7,Lei
"2816 - Crédito Adicional Especial - 133.332,40",07/03/2023,1539,7,Lei
"2823 - Crédito Adicional Especial - semads - 500,01",07/03/2023,1539,7,Lei
"2812 - Crédito Adicional Especial - semads - 32.923,87",07/03/2023,1539,7,Lei
"2808 - Crédito Adicional Especial - fumboar - 3.032.164,78",01/03/2023,1534,7,Lei
"2807 - Crédito Adicional Especial - plan. - 1.526,30",01/03/2023,1534,7,Lei
"2809 - Crédito Adicional Especial - semads - 3.272,41",01/03/2023,1534,7,Lei
"2805 - Crédito Adicional Especial - 300.000,00",24/02/2023,1529,7,Lei
"2804 - Crédito Adicional Especial - 20.835,35",24/02/2023,1529,7,Lei
304 - alteração da LC 245 de 2019 - cra FG Licitação,24/02/2023,1529,7,Lei
"2806 - Crédito Adicional Especial - 150.000,00",24/02/2023,1529,7,Lei
302 - criação e extinção de cargos Monitor etc,23/02/2023,1528,7,Lei
"303 - alteração da referencia dos cargos de guarda civil, lavaderia, servente e zelador de 02 para 03, e alteração de auxiliar de SAMU",23/02/2023,1528,7,Lei
"2803 - Crédito Adicional Especial - 2.033.613,26 - saude",22/02/2023,1526,7,Lei
"2802 - Crédito Adicional Especial - 4.558.016,07 - saude",22/02/2023,1526,7,Lei
"2797 - Crédito Adicional Especial - 3.999.689,99 - semads",16/02/2023,1523,7,Lei
2800 - Crédito Adicional Especial - 855.23 - semads,16/02/2023,1523,7,Lei
"2796 - Crédito Adicional Especial - 153.454,95 - educação",16/02/2023,1523,7,Lei
"2799 - Crédito Adicional Especial - 465,40 - semads",16/02/2023,1523,7,Lei
"2795 - Crédito Adicional Especial - 268.056,60 - SEMADS",16/02/2023,1523,7,Lei
"2798 - Crédito Adicional Especial - 12.753,68 - semads",16/02/2023,1523,7,Lei
"2801 - Crédito Adicional Especial - 1.818.231,33 - educação",16/02/2023,1523,7,Lei
301 - Alteração da LC 276,09/02/2023,1516,7,Lei
300 - Alteração do anexo II da LC 96 2009 - cargo procurador,09/02/2023,1516,7,Lei
2794 - Revogação da Lei 33 de 2021 - Av Mario Covas,09/02/2023,1516,7,Lei
"2792 - Crédito Adicional Espsecial 3.000.000,00 - Planejamento",07/02/2023,1513,7,Lei
"2793 - Crédito Adicional Espsecial 2.447.702,81 - Meio Ambiente",07/02/2023,1513,7,Lei
2791 - Estabelece o índice para revisão e reajuste da remuneraçao dos servidores da Câmara,11/01/2023,1489,7,Lei
299 -Novo valor Vale Alimentação,11/01/2023,1488,7,Lei
298 - Reorganiza o Sistema de Controle Interno da Admção,23/12/2022,1473,6,Lei
2778 - Institui e estabelece diretrizes para Politica Municipal de Erradicação da Fome e de Promoção da Função Social dos Alimentos - PMEFSA,21/12/2022,1469,6,Lei
"2781 - Crédito Adicional Especial-saude - 19.761,60",20/12/2022,1468,6,Lei
"2784 - Crédito Adicional Suplementar -transporte- 35.000,00",20/12/2022,1468,6,Lei
"2780 - Crédito Adicional Suplementar -saude - 713.408,96",20/12/2022,1468,6,Lei
"2787 - Crédito Adicional Suplementar - esporte - 9.000,00",20/12/2022,1468,6,Lei
"2783 - Crédito Adicional Suplementar - 170.000,00",20/12/2022,1468,6,Lei
"2779 - Crédito Adicional Suplementar - Planejamento - 268.723,84",20/12/2022,1468,6,Lei
2786 - Autoriza o pagamento de premiações aos vencedores do campeonato SEMEL 2022,20/12/2022,1468,6,Lei
"2782 - Crédito Adicional Especial -1.826.360,70",20/12/2022,1468,6,Lei
"2785 - Crédito Adicional Especial -planejamento - 1.048,39",20/12/2022,1468,6,Lei
2777 - Dispõe sobre o Programa Legislativo Jovem Profissional,19/12/2022,1467,6,Lei
2772 - Estima a receita e fixa despesa do municipio exercício 2023,02/12/2022,1453,6,Lei
"297 - Criação, alteração da estrutura admva e nomenclatura das Secretarias Municipais",02/12/2022,1453,6,Lei
2774 - Autoriza doação de bem imóvel ABOVA,02/12/2022,1453,6,Lei
2773 - Inclui área no perímetro urbano Fazenda Paraíso,02/12/2022,1453,6,Lei
2771 - Câmara - Institui meia entrada para profesores em eventos culturais,01/12/2022,1452,6,Lei
"2776 -Crédito Adicional Suplementar - saúde - 600.000,00",29/11/2022,1449,6,Lei
"2775 -Crédito Adicional Especial - educação - 140.051,41",29/11/2022,1449,6,Lei
2766 -Institui a politica municipal de combate ao assédio moral,24/11/2022,1446,6,Lei
"2769 - Crédito Adicional Especial - Semads - 1.287,55",24/11/2022,1446,6,Lei
2765 - Regularização da pesca do tucunaré amarelo e azul na represa jurumirim,24/11/2022,1446,6,Lei
2768 - Autoriza o poder executivo conceder o direito real de uso a Fundação Lanhoso,24/11/2022,1446,6,Lei
2767 - Autoriza o poder executivo firmar parceria com a Assciação do Cavalo de Rédeas - ANCR,24/11/2022,1446,6,Lei
"2770 - Crédito Adicional Especial - Saúde - 4.525,60",24/11/2022,1446,6,Lei
"2764 -Crédito Adicional Suplementar - Orçamentos Municipalidade - R$ 2.531.820,00",23/11/2022,1443,6,Lei
2763 -Institui o Programa Rua do Lazer,11/11/2022,1437,6,Lei
"2759 - Crédito adicional especial - saúde - 12.888,00",09/11/2022,1435,6,Lei
2762 - Autoriza alienação de bem objeto da matricula 48549 chacara pratania para programa habitacional,09/11/2022,1435,6,Lei
296 - Alteração do §2º do art 9º da LC 216 de 2016 - Zona Rural,09/11/2022,1435,6,Lei
2761 - Autoriza firmar convênio com o DER SP,09/11/2022,1435,6,Lei
"2760 - Crédito adicional suplementar - educação - 2.374.000,00",09/11/2022,1435,6,Lei
2758 - Câmara - dispõe sobre o recolhimento de cachorras no cio,27/10/2022,1425,6,Lei
2757 - Câmara - cria o programa de doaçoes de sobra de materiais de construções,27/10/2022,1425,6,Lei
2756 - Câmara - Institui o uso do cordão de girassol para identificação de pessoas com deficiencia e ou transtornos ocultos,27/10/2022,1425,6,Lei
2751 - Autoriza a desafetar e efetuar a concessão de direito real de uso  da área de José Eduardo Alves,20/10/2022,1419,6,Lei
2750 - Autoriza a doação de terra aos munícipes de baixa renda,20/10/2022,1419,6,Lei
"2749 - Crédito Adicional Especial - SEMADS - 50.000,00",18/10/2022,1417,6,Lei
2748 - Autorização para inserção da Semana da Pesca no dia do Trabalhador e Semana Santa,18/10/2022,1417,6,Lei
2745 - Revoga Lei 677 2000 - doa C. Ferreira da Silva Filho ME,14/10/2022,1415,6,Lei
"2746 - Crédito Adicional Especial - Planejamento - 2.669,12",13/10/2022,1412,6,Lei
"2747 - Crédito Adicional Especial - Planejamento - 18.711,56",13/10/2022,1412,6,Lei
2737 - revoga da Lei 2065 de 2016,05/10/2022,1407,6,Lei
2743 - Desafeta imóvel matricula 85393 - Parque Santa Elizabeth IV,28/09/2022,1401,6,Lei
"2739 -  Crédito Adicional Suplementar - Sec Adm - 23.521.000,00",28/09/2022,1401,6,Lei
2742 - Autoriza a desembolsar valores para custeio da delegação do 84º Jogos Aberto do Interior Horacio Baby Barioni,28/09/2022,1401,6,Lei
"2741 -Crédito Adicional Especial - SEMADS - 80.000,00",28/09/2022,1401,6,Lei
2744 - Altera Lei 2641 2022 - Zeis com 4 pavimentos,28/09/2022,1401,6,Lei
"2740 -Crédito Adicional Suplementar - FUNDEB - 9.941.784,13",28/09/2022,1401,6,Lei
2735 - Autoriza conceder subsídio tarifário à concessionária de serviço de transporte coletivo urbano de passageiros,21/09/2022,1393,6,Lei
2738 - inclui área no perímetro urbano do municipio - Sítio Santa Barbara,21/09/2022,1393,6,Lei
2736 - Altera art. 5º da Lei 2480 de 2021,21/09/2022,1393,6,Lei
295 - Autoriza consignar a extinção da AMVAVE,19/09/2022,1389,6,Lei
2734 - Autoriza doação de área à CERIPA,14/09/2022,1388,6,Lei
294 - Acréscimo do art 5º na LC 293,14/09/2022,1388,6,Lei
"2733 - Crédito Adicional Especial - AVAREPREV - 50.000,00",13/09/2022,1387,6,Lei
2732 - Altera art. 2º da Lei 2152 de 2017 - corrida de rua - 30 dias,13/09/2022,1387,6,Lei
"2730 - Crédito Adicional Especial - SEMADS - 33.422,32",06/09/2022,1382,6,Lei
"2729 - Crédito Adicional Especial - SEMADS - 29.921,60",06/09/2022,1382,6,Lei
"2728 - Crédito Adicional Suplementar - Saúde - 1.122.952,00",06/09/2022,1382,6,Lei
"2731 - Crédito Adicional Especial - planejamento - 100.000,00",06/09/2022,1382,6,Lei
2727 - Regularização de construções,06/09/2022,1381,6,Lei
2721 - Institui vale-transporte - AVAREPREV,01/09/2022,1377,6,Lei
2725 - Altera Lei 2698 2022 - Abono de Natal Câmara,01/09/2022,1377,6,Lei
2724 - Autoriza adiantamento para realização da FAMPOP,01/09/2022,1377,6,Lei
2723 - Construção de fossas sépticas biodigestoras em loteamentos do municipio,01/09/2022,1377,6,Lei
2722 - Autoriza concessão de bem imóvel - SOUPLELISS COSMÉTICOS LTDA,01/09/2022,1377,6,Lei
"2726 - Crédito Adicional Suplementar - Planejamento - R$ 1.200.000,00",31/08/2022,1376,6,Lei
293 - Alteração do anexo III  da LC 126 2010 - Cria cargos em comissão - Secretario Adjunto,30/08/2022,1375,6,Lei
2720 - Institui vale-alimentação - AVAREPREV,24/08/2022,1371,6,Lei
"2719 - Crédito Adicional Especial - Planejamento - 610.578,37",17/08/2022,1366,6,Lei
"2718 - Crédito Adicional sUPLEMENTAR - SAÚDE - 834.000,00",17/08/2022,1366,6,Lei
"2717 - Crédito Adicional Especial - SEMADS - 100.000,00",17/08/2022,1366,6,Lei
2713 - Revoga lei 145 2001 - concessão de uso - núcle da castelo  cavalo manga larga,16/08/2022,1365,6,Lei
2709 - Implantação da inclusão da Língua Brasileira de Sinais - LIBRAS,16/08/2022,1365,6,Lei
"2716 - Alteração do art 4º da Lei 1647 2013 - importancia de 150.000,00 - esporte",16/08/2022,1365,6,Lei
2712 - Autorização para alienar por venda terrenos de prop do municipio - Residencial Village,16/08/2022,1365,6,Lei
2715 - regulamentação do controle de acesso nos loteamentos,16/08/2022,1365,6,Lei
2711 - Altera art 5º da Lei 379 2002 - Caderneta de Visista à Obra,16/08/2022,1365,6,Lei
2714 - altera artigos da Lei 2290 2019 - regulamenta praticas esportivas recreativas e culturais equestres,16/08/2022,1365,6,Lei
2710 - Cria Pipódromo,16/08/2022,1365,6,Lei
285 - Altera Anexo I - Quadro de Pessoal Permanente da LC 126 2010 - Tecnico de Enfermagem,22/07/2022,1345,6,Lei
292 - Alteração do anexo III - Cria cargos em comissão,22/07/2022,1345,6,Lei
"2706 - Crédito Adicional Suplementar -SEMADS - 150.000,00",22/07/2022,1345,6,Lei
288 - Alteração do anexo II - Quadro de FG - LC 251 2020 - Agente de Apoio - Abordagem Social,22/07/2022,1345,6,Lei
"2702 - Crédito Adicional Especial - Saúde - 53.987,34",22/07/2022,1345,6,Lei
291 - Alteração do anexo III Cargos em Comissão - extinção de cargos em comissão,22/07/2022,1345,6,Lei
"2705 - Crédito Adicional Especial -SEMADS - 150.000,00",22/07/2022,1345,6,Lei
287 - Alteração do anexo I - Quadro de Pessoal Permanente - Nivel Tecnico e Superior - Cria e extingue,22/07/2022,1345,6,Lei
"2701 - Crédito Adicional Especial - Saúde - 1.901.919,00",22/07/2022,1345,6,Lei
"2708 - Crédito Adicional Especial - Educação - 2.718.974,88",22/07/2022,1345,6,Lei
290 - Alteração sobre alteração do anexo III Cargos em Comissão - Coord. Tecnico Admvo da Divisão de Exped e Açoes Integradas da Sec de Gabinete,22/07/2022,1345,6,Lei
"2704 - Crédito Adicional Especial -SEMADS - 100.000,00",22/07/2022,1345,6,Lei
286 - Regulamenta a fixação do piso salarial de Agente Comunitário da Saúde,22/07/2022,1345,6,Lei
"2700 - Crédito Adicional Suplementar - Saúde - 22.500,00",22/07/2022,1345,6,Lei
"2707 - Crédito Adicional Especial -Saúde - 900.000,00",22/07/2022,1345,6,Lei
289 - Alteração sobre alteração da Lei Complementar 245 - Agente de Contratação,22/07/2022,1345,6,Lei
"2703 - Crédito Adicional Especial -SEMADS - 74.420,00",22/07/2022,1345,6,Lei
2699 - Altera a Lei nº 2670 2022 - isenção,18/07/2022,1341,6,Lei
2695 - Dispõe sobre a forma de instituição do calendário oficial do municipio,06/07/2022,1329,6,Lei
2698 - Altera a Lei nº 2601 2022 - abono de natal Camara,05/07/2022,1328,6,Lei
"2697 - crédito adicional especial - semads - 75.000,00",04/07/2022,1327,6,Lei
"2696 - crédito adicional especial - semads - 175.000,00",04/07/2022,1327,6,Lei
"2694 - Crédito Adicional Especial - semads - 100.000,00",04/07/2022,1327,6,Lei
"2693 - Crédito Adicional Especial - semads - 50.000,00",04/07/2022,1327,6,Lei
2692 - Classifica a Visão Monocular com Deficiencia Visual,30/06/2022,1325,6,Lei
2688 - Institiui e autoriza a concessão de serviço de guincho,30/06/2022,1325,6,Lei
2691 - Institui a Campanha Março Roxo,30/06/2022,1325,6,Lei
2690 - Institui no Calendário Oficial do Municipio o Dia de Conscientização da Violencia contra pessoa idosa,30/06/2022,1325,6,Lei
2689 - inclui no calendario oficial do municipio a Semana de Incentivo à Pratica de Atividades Fisicas e do Profissional de Ed Física,30/06/2022,1325,6,Lei
2681 - Dispõe implantação do programa Avaré cidade limpa - quem ama cuida,27/06/2022,1322,6,Lei
2683 - Dispõe sobre inclusão no calendário oficial de eventos a Semana de Conscientização e Combate ao Trabalho Infantil,27/06/2022,1322,6,Lei
2682 - Dispõe instalação de brinquedos adaptados e equipamentos p pessoas com mobilidade reduzida,27/06/2022,1322,6,Lei
2684 - Câmara - dispõe sobre proibição da suspensão de agua e energia eletrica em finais de semana e vespera de feriados,24/06/2022,1321,6,Lei
2687 - Câmara - Altera o art 4º da lei 1338 2010 - Dia da conscientização da importancia da atualização da caderneta de vacinação,24/06/2022,1321,6,Lei
2686 - Câmara - altera o art 4º da Lei 1338 2010 Dia de Combate à Discriminação Racial 21 de março,24/06/2022,1321,6,Lei
2685 - Câmara - Direito das maes amamentarem os seus filhos durante realização de concursos publicos,24/06/2022,1321,6,Lei
2680 - Dispõe sobre Diretrizes Orçamentárias do municipio,22/06/2022,1318,6,Lei
284 - Dispoe sobe alteração do anexo I da LC 216 - Função de Confiança educação,22/06/2022,1318,6,Lei
"2679 - CREDITO ADICIONAL ESPECIAL ANULAÇÃO_ COMPENSAÇÃO FINANCEIRA REC. HIDRICOS_R$ 650.000,00",22/06/2022,1318,6,Lei
"2675 - crédito adicional especial  - educação - 39.910,40",21/06/2022,1317,6,Lei
"2671 - crédito adicional especial  - semads - 500.000,00",21/06/2022,1317,6,Lei
2678 - crédito adicional especialr  - meioambiente - 2.013.697.23,21/06/2022,1317,6,Lei
"2674 - crédito adicional especial  - semads - 33.360,00",21/06/2022,1317,6,Lei
"2677 - crédito adicional suplementar  - saúde - 2.329.564,32",21/06/2022,1317,6,Lei
"2673 - crédito adicional especial  - semads - 548.492,00",21/06/2022,1317,6,Lei
"2676 - crédito adicional especial  - educação - 1.955.370,00",21/06/2022,1317,6,Lei
"2672 - crédito adicional especial  - educação - 307.460,62",21/06/2022,1317,6,Lei
2668 - inclui área no perímetro urano - Fazenda Bom Jardim,10/06/2022,1310,6,Lei
"2667 - Crédito Adicional Suplementar - Saúde - 1.400.000,00",10/06/2022,1310,6,Lei
2666 - altera o art 1º da Lei 2648 2022,10/06/2022,1310,6,Lei
"2669 - crédito adicional especial  - saúde - 31.500,00",10/06/2022,1310,6,Lei
2670 -  Câmara - Isenção IPTU portadores de doenças considerada graves,09/06/2022,1309,6,Lei
2665 - autoriza concessão de bem imóvel - LELU,09/06/2022,1309,6,Lei
2663 - Dispõe sobre obrigatoriedade da instalação de lixeiras externas em imóveis residenciais,08/06/2022,1308,6,Lei
2664 - Dispõe sobre os cães e gatos comunitários no municipio,08/06/2022,1308,6,Lei
2662 - Dispõe sobre alteraçao da Lei 1290 2009,02/06/2022,1304,6,Lei
2661 - Regulamenta e disciplina a colocação de caçambas coletoras de entulhos nas vias publicas do municipio,02/06/2022,1304,6,Lei
2660 - Autoriza conceder revisão gral anual e reajuste salarial aos funcionários FREA,26/05/2022,1297,6,Lei
282 - Autoriza conceder revisão geral anual de vencimentos dos servidores e empregados públicos,26/05/2022,1297,6,Lei
"2659 - Crédito Adicional Especial Educação - 181.757,13",26/05/2022,1297,6,Lei
"2658 - Crédito Adicional Especial AVAREPREV - 150.000,00",26/05/2022,1297,6,Lei
283 - Dispoe sobe alteração do anexo I da LC 216 - Função de Confiança educação,26/05/2022,1297,6,Lei
2657 - Alteração do dispositivo da Lei 1.283,25/05/2022,1296,6,Lei
"2656 - Crédito adicional suplementar - Educação - R$ 1.712.144,07",24/05/2022,1295,6,Lei
2655 - Atendimento Educacional Especializado - AEE,19/05/2022,1290,6,Lei
2654 - Autoriza a concessão de bem imóvel - sangiacomo materiais de construções,17/05/2022,1288,6,Lei
2650 - Realizar exame preventivo de Diabetes nos alunos da rede publica de ensino,13/05/2022,1286,6,Lei
2646 - Dispõe sobre os Direitos da Mulher e Institui o Conselho Municipal dos Direitos da Mulher,13/05/2022,1286,6,Lei
"2649 - Crédito Adicional Esipecial - Educação - 78.070,90",13/05/2022,1286,6,Lei
2645 - Institui a campanha AGOSTO LILÁS  - fim da violencia contra a mulher,13/05/2022,1286,6,Lei
"2652 -Crédito Adicional Especial - Agricultura - 176,16",13/05/2022,1286,6,Lei
"2648 - Crédito Adicional Especial - Saúde - 452.150,00",13/05/2022,1286,6,Lei
2644 - Dispõe sobre o direito de toda a mulher a ter acompanhante nas consultas e exames nos estabelecimentos públicos e privados de saúde do Município,13/05/2022,1286,6,Lei
"2651 -Crédito Adicional Especial - Saúde - 33.601,54",13/05/2022,1286,6,Lei
2647 - Dispõe sobre a fixação de cartazes nas escolas municipais - disque denúncia contra pedofilia e abuso sexual de crianças e adolescentes,13/05/2022,1286,6,Lei
2642 - Autoriza a concessão de bem imóvel - Clube Avareense de Aeromodelismo - CAVA,06/05/2022,1282,6,Lei
2643 - Câmara - regularização de construções,05/05/2022,1281,6,Lei
2641 - Inclui área no Perímetro Urbano - Chácara Pratânia,04/05/2022,1280,6,Lei
2635 - Câmara - Altera art 4º da Lei 1338 - Semana de Conscientizaçao da Importancia da Acessibilidade para pessoas com deficiencia,29/04/2022,1274,6,Lei
2634 - Câmara - Intitui o mês Dezembro Laranja - Cancer de pele,29/04/2022,1274,6,Lei
2633 - Câmara - DIa Municipal em Memória às Vítimas da COVID-19,29/04/2022,1274,6,Lei
2636 - Câmara - Institui a marcha da Precvençao ao Suicídio,29/04/2022,1274,6,Lei
2632 - Regina Câmara,28/04/2022,1273,6,Lei
"2639 - Crédito Adicional Especial - Saúde - 689.939,04",28/04/2022,1273,6,Lei
"2638 - Crédito Adicional Especial - Saúde - 2.918.016,37",28/04/2022,1273,6,Lei
281 - Câmara Regina,28/04/2022,1273,6,Lei
"2637 - Crédito Adicional Especial - Educação - 230.470,45",28/04/2022,1273,6,Lei
"2640 - Crédito Adicional Especial - Agricultura - 45.867,04",28/04/2022,1273,6,Lei
2628 - Autoriza a concessão de bem imóvel - ABOVA,26/04/2022,1270,6,Lei
2627 - Revoga Lei 2067 2016,26/04/2022,1270,6,Lei
280 - Autoriza o Executivo efetivar pagamento de progressão funcional aos ocupantes de cargos da educação,11/04/2022,1258,6,Lei
"2626 - Crédito Adicional Especial - Progressão Educação Básica - 4.638.556,95",11/04/2022,1258,6,Lei
279 - Institui o Programa de Recuperação Fiscal - REFIS,07/04/2022,1256,6,Lei
"2625 - Crédito Adicional Suplementar - Sec de Obras - 200.000,00",07/04/2022,1256,6,Lei
2624 - Obrigatoriedade de prestar socorro aos animais atropelados no municipio de avare,25/03/2022,1239,6,Lei
2623 - Institui a Semana Municipal do Trabalhador,25/03/2022,1239,6,Lei
"2622 - Crédito Adicional Especial - FUMBOAR -1.399.484,48",25/03/2022,1239,6,Lei
"2621 - Crédito Adicional Especial - Sec Agric e Abast -1.251,82",25/03/2022,1239,6,Lei
2620 - Institui o Dia do Ciclista e a Politica de Fomento ao Ciclismo,22/03/2022,1235,6,Lei
"2618 - Crédito Adicional Especial - Sec de Obras e Serviços - R$ 729,35",09/03/2022,1224,6,Lei
"2617 - Crédito Adicional Especial - Sec de Obras e Serviços - R$ 120.930,50",09/03/2022,1224,6,Lei
"2619 - Crédito Adicional Especial - Semads - R$ 2.358.300,23",09/03/2022,1224,6,Lei
2616 - Parceria com Instituições de ensino superior curso de psicologia,07/03/2022,1219,6,Lei
"2604 - Crédito Adicional Especial - SEMADS -169,91",24/02/2022,1212,6,Lei
"2611 - Crédito Adicional Especial - SEMADS -4.624,56",24/02/2022,1212,6,Lei
"2607 - Crédito Adicional Especial - SEMADS -39.866,60",24/02/2022,1212,6,Lei
"2614 - Crédito Adicional Especial - SEMADS -779,38",24/02/2022,1212,6,Lei
"2603 - Crédito Adicional Especial - SEMADS -169.500,75",24/02/2022,1212,6,Lei
"2610 - Crédito Adicional Especial - SEMADS -12.146,60",24/02/2022,1212,6,Lei
"2606 - Crédito Adicional Especial - SEMADS -44.699,63",24/02/2022,1212,6,Lei
"2613 - Crédito Adicional Especial - SEMADS -113.939,48",24/02/2022,1212,6,Lei
"2602 - Crédito Adicional Especial - SEMADS - 205.252,99",24/02/2022,1212,6,Lei
"2609 - Crédito Adicional Especial - SEMADS -18.422,38",24/02/2022,1212,6,Lei
"2605 - Crédito Adicional Especial - SEMADS -125.069,87",24/02/2022,1212,6,Lei
"2612 - Crédito Adicional Especial - SEMADS -289.481,37",24/02/2022,1212,6,Lei
278 - Altera dispositivo na L C 126 - Adicional 45%,24/02/2022,1212,6,Lei
"2608 - Crédito Adicional Especial - SEMADS -34.912,58",24/02/2022,1212,6,Lei
"2615 - Crédito Adicional Especial - SEMADS -554,47",24/02/2022,1212,6,Lei
2601 - índice para revisão geral anual e reajuste da remuneração dos servidores da Câmara,22/02/2022,1209,6,Lei
2598 - Instalação de placas informativas sobre locais de grande incidencia de alagamentos,21/02/2022,1208,6,Lei
"2600 - Parceria entre Prefeitura, Defesa Civil e Corpo de Bombeiros para mapeamento dos pontos de alagamentos",21/02/2022,1208,6,Lei
2599 - Criação e inclusão de notificação meteorologica no site da Prefeitura,21/02/2022,1208,6,Lei
2597 - Altera o § 1º do art 7º da Lei 1283 de 2009,18/02/2022,1207,6,Lei
2596 - Proceder permuta de área de propriedade do Municipio,18/02/2022,1207,6,Lei
2595 - concessão de bem imóvel CASA NOVA MIX LTDA,09/02/2022,1200,6,Lei
276 - Reestrutura o Regime Próprio de Previdência Social - AVAREPREV,27/01/2022,1187,6,Lei
2594 - Autoriza poder executivo a celerar convênio com o SESI,27/01/2022,1187,6,Lei
277 - Altera o art 2º da Lei Complementar 90 2009 - SECRETARIAS,27/01/2022,1187,6,Lei
2593 - Obrigatoriedade de realização de exame toxicologico de queratina Vereadores,17/01/2022,1178,6,Lei
2592 - Altera art.1º da Lei nº 2.590 2021 - JC,17/01/2022,1178,6,Lei
"2591 - Credito Adicional Especial - Saúde - 252.000,00",17/01/2022,1178,6,Lei
274 - Altera o Anexo I - Quadro de emprego público - Enfermeiro PSF,13/01/2022,1175,6,Lei
275 - Altera o Anexo I - Quadro de pessoal permanente - Enfermeiro,13/01/2022,1175,6,Lei
"2589 - Crédito Adicional Suplementar - educação FUNDEB- R$ 3.786.590,90",20/12/2021,1155,5,Lei
"2588 - Crédito Adicional Suplementar - saúde - R$ 670.000,00",20/12/2021,1155,5,Lei
273 - Altera  o art 3º da Lei Complementar 263 FMSAI,20/12/2021,1155,5,Lei
2587 - Altera redação do caput do art 2º Lei 2412 - 2020 - subsídio Vice Prefeito,14/12/2021,1150,5,Lei
"2584 - Crédito Adicional Especial - Saúde - 60.000,00",02/12/2021,1140,5,Lei
2583 - Autoriza de bem imovel - UNIÃO NEGRA AVAREENSE - UNA,02/12/2021,1140,5,Lei
"2586 - Crédito Adicional Especial - Saúde -102.000,00",02/12/2021,1140,5,Lei
"2582 - Inclusão do art 1º - A na Lei 2411 - ferias e 13º de vereadores, prefeito e vice",02/12/2021,1140,5,Lei
"2585 - Crédito Adicional Especial - Saúde -259.533,64",02/12/2021,1140,5,Lei
2581 - Proíbe a utilização de verba pública em eventos e serviços que promovam a sexualização de crianças e adolescentes,02/12/2021,1140,5,Lei
2577 - Altera a redação do art. 3º §Ú da Lei 2532 - Cléia Dalva Pereira Balera Eireli Epp,01/12/2021,1138,5,Lei
"269 - Alteração dos anexos da Lei Complementar 254 de 2010, redenominação e redefinição das atribuições de cargos",01/12/2021,1138,5,Lei
"2580 - Crédito Adicional Suplementar PLANEJAMENTO - 580.000,00",01/12/2021,1138,5,Lei
272 - Altera anexo III da Lei complementar 253 de 2020 - redenominação e redefinição Chefe de Planejamento e Gestão Admva,01/12/2021,1138,5,Lei
"2579 - Crédito Adicional Especial - SEMADS - 50.000,00",01/12/2021,1138,5,Lei
271 - Altera anexo III da Lei complementar 188 de 2013 - redenominação e redefinição Bairro Costa Azul,01/12/2021,1138,5,Lei
"2578 - Crédito Adicional Especial - SEMADS - 200.000,00",01/12/2021,1138,5,Lei
270 - Altera anexo III da Lei complementar 140 de 2011 - redenominação e redefinição SAMU,01/12/2021,1138,5,Lei
2576 - Autoriza Sec. de Esportes a desembolsar valores para pagamento de premiação - Final Campeonato Mun de Avaré Novembro Azul,30/11/2021,1137,5,Lei
2568 -Estima a receita e fixa a despesa do Município 2022,25/11/2021,1134,5,Lei
2575 - Alteração e inclusão de dispositivosda Lei Municipal 315 1995 - Estatuto dos Func Públicos,25/11/2021,1134,5,Lei
"265 - Criação, alteração da estrutura administrativa e nomenclatura SMPO",25/11/2021,1134,5,Lei
"2571 -Altera a redação do art. 3º, §Ù, da Lei 2531-ROMA ENGENHARIA",25/11/2021,1134,5,Lei
2567 -Autoriza afetação de área pública no Bairro Jardim Paraiso,25/11/2021,1134,5,Lei
2574 - Revoga a Lei Municipal 1440 de 30 11 2010,25/11/2021,1134,5,Lei
"2570 -Altera a redação do art. 3º, §Ù, da Lei 2529 - KI-KAKAU",25/11/2021,1134,5,Lei
"267 - Criação, alteração da estrutura administrativa e nomenclatura SEMAJ",25/11/2021,1134,5,Lei
"2573 -Altera a redação do art. 3º, §Ù, da Lei 2538-LAJES FERREIRA & BARBOSA LTDA ME",25/11/2021,1134,5,Lei
"2569 -Altera a redação do art. 3º, §Ù, da Lei 2530 - Pedro Martins da Costa Eirelli EPP",25/11/2021,1134,5,Lei
"266 - Criação, alteração da estrutura administrativa e nomenclatura SMTS",25/11/2021,1134,5,Lei
"2572 -Altera a redação do art. 3º, §Ù, da Lei 2533-WALLTEC",25/11/2021,1134,5,Lei
"268 - Estabelece novo valor do vale alimentação - R$ 400,00",24/11/2021,1133,5,Lei
"2564 -Crédito Adicional Suplementar -Obras  - R$ 130.000,00",11/11/2021,1123,5,Lei
2566 -Autoriza afetação de área pública no Bairro Costa Azul III,11/11/2021,1123,5,Lei
"2565 -Crédito Adicional Suplementar -saúde  - R$ 680.000,00",11/11/2021,1123,5,Lei
263 - Cria Fundo Municipal de Saneamento Ambiental e de Infraestrutura - FMSAI,11/11/2021,1123,5,Lei
"2562 -Crédito Adicional Suplementar - Obras e Serviços - R$ 345.000,00",11/11/2021,1123,5,Lei
264 - Alteração do inciso I do art 12 da Lei Complementar 216 de  2016 - Bonus da Educação Básica,11/11/2021,1123,5,Lei
"2563 -Crédito Adicional Especial - Saúde - R$ 771.232,00",11/11/2021,1123,5,Lei
"2561 -Altera § Ú, art 2º da Lei 2557 - Vale Alimentação Conselho Tutelar",11/11/2021,1123,5,Lei
2560 -Autoriza criar Banco de Materiais Ortopédicos,09/11/2021,1120,5,Lei
"2559 -Crédito Adicional Especial - SEMADS - R$ 26.521,17",09/11/2021,1120,5,Lei
"2555 - Crédito Adicional Especial - saúde - R$ 532.863,00",26/10/2021,1110,5,Lei
2556 - Diretrizes para ações de promoção da dignidade menstrual,26/10/2021,1110,5,Lei
2557 - Concessão do Vale Alimentação aos Conselheiros Tutelares,26/10/2021,1110,5,Lei
2558 - Autoriza o executivo a efetuar adiantamento de recursos financeiros destinados Vacina Cultural - Aldir Blanc,26/10/2021,1110,5,Lei
2554 - Concessão de bem imóvel - Lauro Madeiras Comércio e Construções Ltda EPP,22/10/2021,1106,5,Lei
"2553 - Crédito Adicional Suplementar - Educação  - R$489.163,18",22/10/2021,1106,5,Lei
"2552 - Crédito Adicional Especial - Obras e Serviços - R$ 250.000,00",22/10/2021,1106,5,Lei
2549 - Institui Semana Ulysses Guimarães,08/10/2021,1092,5,Lei
2551 - Revoga Lei Municipal 1987 de 2016,08/10/2021,1092,5,Lei
2550 - Anexo,08/10/2021,1092,5,Lei
2550 - Revisão do Plano Municipal de Gestão Integrada de Resíduos Sólidos,08/10/2021,1092,5,Lei
2548 - Institui o Regime de Previdencia Complementar,01/10/2021,1083,5,Lei
2545 - Institui o Conselho de Polícia Cultural de Avaré,21/09/2021,1072,5,Lei
2547 - Decretação de utilidade pública municipal a Grupo de Assistencia ao Adolescente e Desenvolvimento da Criança GAADAC,21/09/2021,1071,5,Lei
"2546 - Crédito Adicional Especial - Cultura R$ 572.560,55",17/09/2021,1069,5,Lei
2544 - Autoriza o poder executivo municipal através da Secretaria de Saúde a desembolsar valores para custeio de exames,14/09/2021,1065,5,Lei
"2542 - Crédito Adicional Especial - Saúde  - R$ 150.000,00",26/08/2021,1050,5,Lei
2538 - Autoriza concessão de bem imóvel - Lajes Ferreira & Barbosa Ltda ME,26/08/2021,1050,5,Lei
"2541 - Crédito Adicional Especial - Agricultura  - R$ 50.000,00",26/08/2021,1050,5,Lei
"2540 - Crédito Adicional Especial - Saúde  - R$ 450.000,00",26/08/2021,1050,5,Lei
"2543 - Crédito Adicional Especial - Saúde  - R$ 185.087,69",26/08/2021,1050,5,Lei
"2539 - Crédito Adicional Especial - Saúde  - R$ 103.011,48",26/08/2021,1050,5,Lei
2537 -Altera Lei 1682 de 28 de maio de 2013,13/08/2021,1041,5,Lei
2535 - Anexo Autografo 130.2021,12/08/2021,1040,5,Lei
2534 - Aprovação do Plano Municipal de Recuperação e Conservação da Mata Atlantica e do Cerrado,12/08/2021,1040,5,Lei
2534 - Anexo Autografo 129.2021,12/08/2021,1040,5,Lei
2536 - Anexo Autografo 131.2021,12/08/2021,1040,5,Lei
2535 -Aprovação do Plano Municipal de Controle de Erosão,12/08/2021,1040,5,Lei
2536 -Aprovação do Plano Municipal de Arborização Urbana,12/08/2021,1040,5,Lei
2533 - Autoriza concessão de imovel -Walltec S.A.,10/08/2021,1038,5,Lei
2530 - Autoriza concessão de imovel -Pedro Martins da Costa Eirelli EPP,06/08/2021,1036,5,Lei
2529 - Autoriza concessão de imovel -Ki-Kakau,06/08/2021,1036,5,Lei
2532 - Autoriza concessão de imovel -Cléia Dalva Pereira Balera,06/08/2021,1036,5,Lei
2531 - Autoriza concessão de imovel -Roma Engenharia e Terraplanagem Eirelli,06/08/2021,1036,5,Lei
2528 -Alteração da Lei 674 2004 - Lei de Vila,04/08/2021,1034,5,Lei
"2527 -Crédito Adicional Especial - Saúde - 6.505,88",23/07/2021,1022,5,Lei
"2526 -Crédito Adicional Especial - Saúde - 100.000,00",23/07/2021,1022,5,Lei
2525 - Institui no calendário oficial a campanha Acolha a Vida,20/07/2021,1020,5,Lei
2524 - Dispõe sobre denominação do Horto Florestal - Neto Guazzelli,20/07/2021,1020,5,Lei
2523 -Dispõe sobre uma folga anual para todos servidores publicos no dia de seu aniversário,06/07/2021,1008,5,Lei
2522 -Proíbe o consumo de bebidas alcoolicas nos locais publicos,06/07/2021,1008,5,Lei
2520 -Dispõe sobre o Plano Plurianual de Ação Governamental - PPAG,05/07/2021,1007,5,Lei
2521 -Dispõe sobre as Diretrizes Orçamentárias  - LDO,05/07/2021,1007,5,Lei
2517 - Revoga Lei 2426 2020,30/06/2021,1002,5,Lei
2518 - Atendimento médico-pediátrico o período noturno,30/06/2021,1002,5,Lei
2516 - Revoga Lei 2493 2021,30/06/2021,1002,5,Lei
2511 - Estabelecimento de multa para quem promover ou ceder propriedade para realização de festas,30/06/2021,1002,5,Lei
2513 - Instalação de equipamento eliminador de ar na tubulação do sistema de agua residencial ou comercial,30/06/2021,1002,5,Lei
"2519 -Crédito Adicional Especial - Educação - 257.235,34",29/06/2021,1001,5,Lei
2515  obrigatoriedade das Concessionárias de Energia Elétrica a proceder a ligação de energia nos bairros e loteamentos que não tiverem energia do município de Avaré,24/06/2021,997,5,Lei
"2514 -Crédito Adicional Especial - Turismo - 88.236,81",24/06/2021,997,5,Lei
2509 - Institui o Programa Municipal de Educação PMEA,23/06/2021,996,5,Lei
2512 - Denomina o campo municipal Benedito da Silva  - Bugrinho,23/06/2021,996,5,Lei
2510 - Alteração da Lei nº 114 2001 - herbicida,23/06/2021,996,5,Lei
"2508 - Crédito adicional especial - SME 66.023,03",22/06/2021,995,5,Lei
2506 - veda  a nomeação pela administração Publica Direta e Indireta de pessoas condenadas,17/06/2021,988,5,Lei
262 - Alteração do Anexo I do Quadro de Pessoal Permanente - Enfermagem,17/06/2021,988,5,Lei
2507 - Obrigatoriedade de inserção do simbolo mundial da conscientizaçao dos Transtornos do Espectro Autista - TEA,17/06/2021,988,5,Lei
2503 - Denomina a Pista de Atletismo do Campo Municipal de Adão de Campos,15/06/2021,984,5,Lei
2502 - Prioridade de matricula e transferencia às crianças e adolescnetes sob guarda de mulheres vitimas de violencia,15/06/2021,984,5,Lei
2503 - Denomina a Pista de Atletismo do Campo Municipal de Adão de Campos,15/06/2021,984,5,Lei
2502 - Prioridade de matricula e transferencia às crianças e adolescnetes sob guarda de mulheres vitimas de violencia,15/06/2021,984,5,Lei
2504 - Obrigatoriedade de disponibilizar a entrega de medicamentos nos domicilios das pessoas que fazem uso contínuo,11/06/2021,981,5,Lei
2499 - Institui a Comissão Especial de Estudos denominada Frente Parlamentar em Defesa dos Direitos das Mulheres,10/06/2021,979,5,Lei
2500 - Altera redação do § 4º do art 15 da Lei Municipal 2286,10/06/2021,979,5,Lei
"2501 - Crédito Adicional Especial Saude e Educação 285.722,71",10/06/2021,979,5,Lei
2498 - Dispõe sobre a reserva de vagas de empregos para mulheres vitimas de violencia domestica e familiar,10/06/2021,979,5,Lei
2497 - Estabelece que hospitais e maternidades do municipio oferaçam aos pais treinamentos para primeiros socorros,08/06/2021,976,5,Lei
2496 - Revoga a Lei 2481 2021,07/06/2021,974,5,Lei
2495 - Altera a redação do parágrafo terceiro do art 1º da Lei 2428,07/06/2021,974,5,Lei
2493 - Revogação do parágrafo 3º do art. 1º da Lei 2426 SANCIONADA PELA CAMARA,02/06/2021,971,5,Lei
2488- Altera a redação do art. 4º da lei 2331- 2019,02/06/2021,971,5,Lei
2494 - Altera Lei 2464 2021 SANCIONADA PELA CAMARA,02/06/2021,971,5,Lei
"2491 - Crédito Adicional Especial - FMS  - 133.838,10",28/05/2021,967,5,Lei
"2490 - Crédito Adicional Especial - FMS  - 126.836,54",28/05/2021,967,5,Lei
"2489 - Crédito Adicional Especial - FMS  - 106.831,06",28/05/2021,967,5,Lei
"2492 - Crédito Adicional Especial - FMS  - 44.457,09",28/05/2021,967,5,Lei
2487 - Dispoe sobre a proibição de produtos fumígenos e afins nas repartições públicas,25/05/2021,963,5,Lei
"2484 - Crédito Adicional Especial - FMS  - 38.504,60",24/05/2021,961,5,Lei
261 - Altera a redaçõa do caput do art. 3º e Anexo I da Lei Complementar 259  REFIS,24/05/2021,961,5,Lei
"2482 - Crédito Adicional Especial - FMS  - 94.992,95",24/05/2021,961,5,Lei
"2486 - Crédito Adicional Especial - FMS  - 501.056,45",24/05/2021,961,5,Lei
"2485 - Crédito Adicional Especial - FMS  - 78.002,25",24/05/2021,961,5,Lei
2483 - Lei Veto Sancionada Pela Camara - Projeto de Lei 23.2021,20/05/2021,958,5,Lei
2480 - Cria incentivos para a instalação e permanência de empresas no Municipio de Avaré,14/05/2021,952,5,Lei
260 - Cria e disciplina o Conselho Municipal do Plano Direto CMPD,14/05/2021,951,5,Lei
2477- Cria a Procuradoria da Mulher na Câmara Municipal de Avaré,14/05/2021,951,5,Lei
2481 - Adoção de medidas temporárias e emergenciais na prevenção e combate ao contágio de Covid 19,14/05/2021,951,5,Lei
2479- Cria a Parada Segura dispondo sobre critérios para embarque e desembarque para mulheres em horáio noturno no transporte coletivo,14/05/2021,951,5,Lei
2478- Institui o Programa de Cooperação e o Códiogo Sinal Vermelho,14/05/2021,951,5,Lei
2473- Determina prioridade na Vacinação contra Covid 19,06/05/2021,944,5,Lei
2476- Institui doação voluntária de alimentos não pereciveis na vacinação COVID 19,06/05/2021,943,5,Lei
2475- Altera o artigo 4º da Lei 1.338 2010 inclusão da Semana Municipal da Lingua Brasileira de Sinais,06/05/2021,943,5,Lei
2477- Institui o programa de Recuperação Fiscal - REFIS,06/05/2021,943,5,Lei
2474- Altera o artigo 3º da Lei 1.434 2020,29/04/2021,939,5,Lei
"2468- CRÉDITO ADICIONAL ESPECIAL  - Sec Educação - 4.347.268,36",28/04/2021,937,5,Lei
"2471- CRÉDITO ADICIONAL ESPECIAL - FMS - 550.120,95",28/04/2021,937,5,Lei
"2470- CRÉDITO ADICIONAL ESPECIAL - Sec  Obras - 149.569,20",28/04/2021,937,5,Lei
"2469- CRÉDITO ADICIONAL SUPLEMENTAR  - FMS - 2.310.000,00",28/04/2021,937,5,Lei
"2472- CRÉDITO ADICIONAL ESPECIAL - FMS - 32.641,12",28/04/2021,937,5,Lei
2467- Altera a redação do inciso I do art. 53 da Lei 2007 16 - 60 horas,22/04/2021,933,5,Lei
2466- Obriga disponibilizar consulta online dos registros cadastrais de imóveis -Câmara,15/04/2021,928,5,Lei
2465- utilização de lacre inviolável na embalagen de alimentos entregues em domiciliio,06/04/2021,918,5,Lei
2464-Autorização para abertura do Comércio - Covid,30/03/2021,913,5,Lei
"2461- CRÉDITO ADICIONAL ESPECIAL F M Saúde - 709.672,23",30/03/2021,912,5,Lei
"2457 - CRÉDITO ADICIONAL ESPECIAL F M Saúde - 35.140,07",30/03/2021,912,5,Lei
"2460 - CRÉDITO ADICIONAL ESPECIAL F M Saúde - 57.243,89",30/03/2021,912,5,Lei
"2456 - CRÉDITO ADICIONAL ESPECIAL Planejamento e Transp Viário - 101,43.",30/03/2021,912,5,Lei
"2463- CRÉDITO ADICIONAL ESPECIAL Secretaria Municipal de Obras - 651,18",30/03/2021,912,5,Lei
"2459- CRÉDITO ADICIONAL ESPECIAL SEMADS - 122.022,64",30/03/2021,912,5,Lei
"2455 - CRÉDITO ADICIONAL ESPECIAL F M Saúde - 150.000,00",30/03/2021,912,5,Lei
"2462- CRÉDITO ADICIONAL ESPECIAL F M Saúde - 767.704,06",30/03/2021,912,5,Lei
"2458 - CRÉDITO ADICIONAL ESPECIAL F M Saúde - 508.343,93",30/03/2021,912,5,Lei
258 - Lei Complementar - Altera anexo III - Quadro de Pessoal - Cargos em Comissão,17/03/2021,901,5,Lei
2447 - Ampliação de perimetro urbano - Fazenda Lazzaretos,17/03/2021,901,5,Lei
257 - Lei Complementar - Altera anexo IV E - Tabela de Vencimentos - acrescido nivel 16,17/03/2021,901,5,Lei
2449 - Ampliação de perimetro urbano - Fazenda do Trevo Gleba A,17/03/2021,901,5,Lei
2448 - Ampliação de perimetro urbano - Fazenda do Trevo Gleba C,17/03/2021,901,5,Lei
"2451 - CRÉDITO ADICIONAL ESPECIAL Semads 2.706,11",15/03/2021,898,5,Lei
"2454 - CRÉDITO ADICIONAL ESPECIAL FUMBOAR 858.030,22",15/03/2021,898,5,Lei
"2450 - CRÉDITO ADICIONAL ESPECIAL Semads 2.028,17",15/03/2021,898,5,Lei
"2453 - CRÉDITO ADICIONAL ESPECIAL Semads 73,81",15/03/2021,898,5,Lei
"2452 - CRÉDITO ADICIONAL ESPECIAL Semads 4.511,11",15/03/2021,898,5,Lei
"2446 - CRÉDITO ADICIONAL ESPECIAL R$ 452.238,04",15/03/2021,897,5,Lei
"2441 - CRÉDITO ADICIONAL ESPECIAL R$ 54.668,69",15/03/2021,897,5,Lei
"2445 - CRÉDITO ADICIONAL ESPECIAL R$ 351.084,61",15/03/2021,897,5,Lei
"2440 - CRÉDITO ADICIONAL ESPECIAL R$ 26.291,57",15/03/2021,897,5,Lei
"2444 - CRÉDITO ADICIONAL ESPECIAL R$ 279.213,95",15/03/2021,897,5,Lei
"2443 - CRÉDITO ADICIONAL ESPECIAL R$ 209.899,67",15/03/2021,897,5,Lei
"2442 - CRÉDITO ADICIONAL ESPECIAL R$ 94.148,52",15/03/2021,897,5,Lei
2438- Cria S.O.S Idoso,11/03/2021,894,5,Lei
2437- criação e implantação do Projeto Arte para a Melhor Idade,11/03/2021,894,5,Lei
2436- Revoga Lei 2427 - Serviços Essenciais,11/03/2021,894,5,Lei
2439- Institui o Programa de Conscientização da Sindrome de Down,11/03/2021,894,5,Lei
2435 - contratação de serviços médicos e equipamentos para exames,08/03/2021,891,5,Lei
"2431 - CREDITO ADICIONAL SF_CONVENIO devolução 1.042,85",19/02/2021,876,5,Lei
2434 - CRÉDITO -  SUPERAVIT FUMCAD 2021,19/02/2021,876,5,Lei
"2430 - CREDITO ADICIONAL ESPECIAL SF SAUDE_4.258.723,34",19/02/2021,876,5,Lei
2433 - CREDITO ADICIONAL ESPECIAL_devolução CONVENIO transp. alunos_contrapartida município,19/02/2021,876,5,Lei
"2429 - CREDITO ADICIONAL ESPECIAL SF SAUDE_543.807,65",19/02/2021,876,5,Lei
"2432 - CREDITO ADICIONAL ESPECIAL_devolução CONVENIO DADE_172.977,05",19/02/2021,876,5,Lei
255 - Reestrutura o Regime Próprio de Previdência,10/02/2021,871,5,Lei
2428 - Autoriza Poder Legislativo celebrar Convênio,10/02/2021,871,5,Lei
256 - Utilização do Camping Municipal,10/02/2021,871,5,Lei
2427 - Serviços essenciais para a população de Avaré,05/02/2021,867,5,Lei
Lei 2426,22/12/2020,823,4,Lei
"2423 - CRÉDITO ADICIONAL - EDUCAÇÃO EXCESSO ARREC._8.983,28",14/12/2020,817,4,Lei
"2424 - CREDITO ADICIONAL - EDUCAÇÃO SUPERAVIT FINANCEIRO_239.893,63",14/12/2020,817,4,Lei
"2425 - CREDITO - SEMADS RECURSO COVID SEMADS_92.460,00",14/12/2020,817,4,Lei
2422 - CREDITO ADICIONAL SUPLEMENTAR_SEMADS_CONSTRUÇÃO CASA ABRIGO,02/12/2020,807,4,Lei
2421 - LOA 2021,02/12/2020,807,4,Lei
2420 - Prorrogação PARCERIA PAVIMENTAÇÃO - Fazenda dos Milagros,18/11/2020,796,4,Lei
2419 - Ampliação de perimetro urbano - Auto Rio Novo Fazenda Santa Rita,18/11/2020,796,4,Lei
"2418 - Credito Especial Secretaria da Cultura R$ 631.725,51",11/11/2020,789,4,Lei
254 - Redenomina Cargos Diretor e outros,11/11/2020,789,4,Lei
2416 - Autoriza receber imóveis em doação,11/11/2020,789,4,Lei
2417 - Regulamenta Processo Administrativo no Ambito Municipal - revoga lei 60-2001,11/11/2020,789,4,Lei
"2415 - Crédito Adicional - SAÚDE EXCESSO ARREC. COVID_279.169,92",28/10/2020,782,4,Lei
Lei 2414,16/10/2020,775,4,Lei
Anexo Lei 2414,16/10/2020,775,4,Lei
2413 - Delimita área da EMAPA,08/10/2020,768,4,Lei
2411 - Subsídios Vereadores 2021 a 2024,30/09/2020,762,4,Lei
2412 - Subsídios Prefeito e Secretários 2021 a 2024,30/09/2020,762,4,Lei
"2410 - Crédito Adicional - SAÚDE EXCESSO ARREC. COVID_6.201.041,00",10/09/2020,743,4,Lei
"2408 - Altera 2398 - credito adicional 467.336,55 - correção dotação",02/09/2020,736,4,Lei
"2409 - Crédito Adicional - SAÚDE EXCESSO ARREC. COVID_350.000,00",02/09/2020,736,4,Lei
"2407 - Crédito Adicional - SEMADS EXCESSO ARREC. COVID_266.400,00 - 2ª PARCELA",26/08/2020,731,4,Lei
2404 - Altera artigo 1 da lei 1390 - quiosque praça da paz,19/08/2020,723,4,Lei
"2405 - Crédito Adicional - SEMADS EXCESSO ARREC. COVID 19_121.095,00 - 2ª PARCELA",19/08/2020,723,4,Lei
"2401 - CRÉDITO ADICIONAL - SEMADS EXCESSO ARREC. COVID_230.553,06",12/08/2020,712,4,Lei
"2402 - CRÉDITO ADICIONAL - SEMADS EXCESSO ARREC. COVID_200.160,00",12/08/2020,712,4,Lei
"2403 - CRÉDITO ADICIONAL - SAÚDE EXCESSO ARREC. E.I_500.000,00",12/08/2020,712,4,Lei
"2400 - CRÉDITO ADICIONAL - SAÚDE EXCESSO ARREC._350.000,00 AT. BÁSICA",12/08/2020,712,4,Lei
Lei 2399 - envio de documentos - repasse federal covid,07/08/2020,707,4,Lei
"2398 - CREDITO ADICIONAL ESPECIAL SUPERAVIT FINANCEIRO LEILAO_467.336,55",05/08/2020,704,4,Lei
Lei 2397 - Altera Lei 1937-2015 - linhas de pipa,16/07/2020,686,4,Lei
"2396 - Crédito Adicional SEMADS EXCESSO ARREC. COVID_266.400,00",15/07/2020,685,4,Lei
253 - Altera denominação de Chefe de Seção para Chefe Planejamento e Gestão,15/07/2020,685,4,Lei
"2391 - CREDITO ADICIONAL ESPECIAL SF devolução conv. transporte_36.825,91",08/07/2020,679,4,Lei
"2395 - CREDITO ADICIONAL ESPECIAL_R$ 66.765,44 devolução CONVENIO transp. alunos 2ª SEM. 2019",08/07/2020,679,4,Lei
"2392 - Crédito Adicional - SAÚDE EXCESSO ARREC. COVID_100.000,00",08/07/2020,679,4,Lei
"2393 - CREDITO ADICIONAL ESPECIAL SUPERAVIT FINANCEIRO SAUDE_719.216,67",08/07/2020,679,4,Lei
"2394 - CREDITO ADICIONAL ESPECIAL_R$ 194.513,61 devolução CONVENIO alim. escolar 2ª SEM. 2019",08/07/2020,679,4,Lei
"2389 - Crédito Adicional - SEMADS EXCESSO ARREC. COVID_63.000,00",01/07/2020,671,4,Lei
252 - Lei Complementar - Modifica Regime Próprio de Previdência - altera artigo da LC 938,01/07/2020,671,4,Lei
"2390 - Crédito Adicional - SEMADS EXCESSO ARREC. COVID_121.095,00",01/07/2020,671,4,Lei
2387 - Inclui parágrafo único no art 14 da LC 2007 e Revoga parágrafo único do art 15,01/07/2020,671,4,Lei
"2388 - Crédito Adicional - CREDITO ADICIONAL ESPECIAL SF devolução_392.491,64",01/07/2020,671,4,Lei
"2386 - Crédito Adicional - SAÚDE EXCESSO ARREC._200.000,00",24/06/2020,660,4,Lei
"2384 - Crédito Adicional - SEMADS EXCESSO ARREC._26.220,00",18/06/2020,655,4,Lei
"2385 - Crédito Adicional - SUPERAVIT FINANCEIRO SAUDE_52.491,18",18/06/2020,655,4,Lei
"2383 - Crédito Adicional SAÚDE SUPERÁVIT FINANCEIRO_29.934,37_retificado",09/06/2020,648,4,Lei
"2380 - Crédito Adicional - SAÚDE EXCESSO ARREC._400.000,00",02/06/2020,642,4,Lei
"2377 - Crédito Adicional - SAÚDE SUPERÁVIT FINANCEIRO_200.324,67",02/06/2020,642,4,Lei
"2381 - Crédito Adicional - SEMADS POR ANULAÇÃO_100.000,00",02/06/2020,642,4,Lei
"2378 - Crédito Adicional - SAÚDE EXCESSO ARREC._50.000,00 MAC",02/06/2020,642,4,Lei
"2382 - Crédito Adicional - SEMADS EXCESSO ARREC. COVID_10.500,00",02/06/2020,642,4,Lei
"2379 - Crédito Adicional - SAÚDE EXCESSO ARREC._50.000,00 AT. BÁSICA",02/06/2020,642,4,Lei
"2376 - Crédito Adicional - SAÚDE EXCESSO ARREC._500.000,00",02/06/2020,642,4,Lei
2375 - Crédito Adicional Especial_devolução CONVENIO transp. alunos_contrapartida município,29/05/2020,638,4,Lei
2374 - Altera Art.1 da Lei 1015 - Postos de Gasolina,26/05/2020,636,4,Lei
251 - Lei Complementar - Cria Função Gratificada,12/05/2020,625,4,Lei
"2372 - Cédito Adicional - SAÚDE EXCESSO ARREC._150.000,00",05/05/2020,618,4,Lei
"2373 - Crédito Adicional - SAÚDE  EXCESSO DE ARRECADAÇÃO_500.000,00",05/05/2020,618,4,Lei
"2371 - Crédito Adicional Especial - SF SEC. PLAN. TRANSP_495.735,27",05/05/2020,618,4,Lei
2370 - REVOGA-§-2-E-3-DA-LEI-1283.2009 - Adiantamento,27/04/2020,612,4,Lei
"2368 - Crédito Adicional - Decon_saude crédito adicional 190.000,00",27/04/2020,612,4,Lei
"2369 - Crédito Adicional - SAÜDE COVID 1.730.734,94",27/04/2020,612,4,Lei
"2366 - Crédito Adicional - SAÚDE SUPERÁVIT FINANCEIRO_113.407,63",20/04/2020,607,4,Lei
"2367 - Crédito Adicional - SEMADS EXCESSO ARREC. COVID_16.016,61",20/04/2020,607,4,Lei
"2364 - Crédito Adicional - SAÚDE EXCESSO ARREC. COVID_180.126,00",20/04/2020,607,4,Lei
"2365 - Crédito Adicional - SAÚDE EXCESSO ARREC. COVID_360.252,00",20/04/2020,607,4,Lei
2361 - CREDITO ADICIONAL SUPLEMENTAR FREA,08/04/2020,600,4,Lei
"2362 - CREDITO ADICIONAL SUPERAVIT FINANCEIRO QMSE_2.853.583,73",08/04/2020,600,4,Lei
250 - Lei Complementar - Redenomina Cargos de  Assessor,08/04/2020,600,4,Lei
"2363 - Crédito Adicional Especial - SUPERAVIT FINANCEIRO SAUDE_512.790,72",08/04/2020,600,4,Lei
"2360 - CREDITO ADICIONAL ESPECIAL_EXCESSO ARRECADAÇÃO_R$ 242.603,57",08/04/2020,600,4,Lei
2359 - Revoga Lei 2004 - doação de área www produtos farmaceuticos,26/03/2020,592,4,Lei
"2354 - Crédito Adicional - SUPERAVIT FINANCEIRO SEMADS_100.000,00",11/03/2020,577,4,Lei
"2357 - Crédito Adicional - SUPERAVIT FINANCEIRO SEMADS_756,53",11/03/2020,577,4,Lei
"2353 - Institui Conselho  Municipal do Trabalho , Emprego e Renda",11/03/2020,577,4,Lei
"2356 - Crédito Adicional - SUPERAVIT FINANCEIRO SEMADS_9.283,07",11/03/2020,577,4,Lei
"2355 - Crédito Adicional - SUPERAVIT FINANCEIRO SEMADS_19.741,95",11/03/2020,577,4,Lei
"2350 - Crédito Adicional - SUPERAVIT FINANCEIRO SEMADS_345.276,07",04/03/2020,570,4,Lei
"2349 - Crédito Adicional - SUPERAVIT FINANCEIRO SEMADS_188.923,25",04/03/2020,570,4,Lei
"2352 - Crédito Adicional - SUPERAVIT FINANCEIRO SAUDE_150.578,36",04/03/2020,570,4,Lei
"2348 - Crédito Adicional - SUPERAVIT FINANCEIRO SEMADS_138.968,52 (1)",04/03/2020,570,4,Lei
2351 - Crédito Adicional - SUPERAVIT FUMCAD 2020 - 1.286,04/03/2020,570,4,Lei
2347 - Crédito Adicional - SUPERAVIT FINANCEIRO - cessao onerosa - AVAREPREV,19/02/2020,561,4,Lei
2343 - Repasse de Recursos OSC - Entidades,03/02/2020,548,4,Lei
"2346 - Crédito Adicional - SUPERAVIT FINANCEIRO SEMADS_103.043,42",03/02/2020,548,4,Lei
"2342 - Crédito Adicional Especial - SUPERAVIT FINANCEIRO SAUDE_797.497,65",03/02/2020,548,4,Lei
"2345 - Crédito Adicional - FUMBOAR SUPERAVIT FINANCEIRO_803.261,57",03/02/2020,548,4,Lei
"2344 - Crédito Adicional - DEVOLUÇÃO CONVÊNIO SEMADS_26.421,31",03/02/2020,548,4,Lei
Lei 2341,03/01/2020,525,4,Lei
2337 - Doação NOCAIJA,20/12/2019,518,3,Lei
2338 - Crédito 112,20/12/2019,518,3,Lei
2339 - Crédito 73,20/12/2019,518,3,Lei
2336 - Taxas Vigilância Sanitária,20/12/2019,518,3,Lei
2340 - Crédito 310,20/12/2019,518,3,Lei
2334 - CREDITO ADICIONAL ESPECIAL_EC 103-19,12/12/2019,511,3,Lei
2333 - Crédito Adicional Suplementar por Anulação - 30.000,11/12/2019,510,3,Lei
2331 - Concessão de área - Escola de Futebol Internacional,04/12/2019,505,3,Lei
249 - Cria Gratificação ATIVIDADE DELEGADA,04/12/2019,505,3,Lei
248 - Altera artigos e anexos da LC 213 - plano diretor,27/11/2019,499,3,Lei
2330 - Crédito Adicional Especial - 3838 - Ministério das Cidades,27/11/2019,499,3,Lei
2329 - Concessão área amigo solidário,14/11/2019,491,3,Lei
2327 - Inclui área no Perímetro Urbano - Estância São Marcos,06/11/2019,484,3,Lei
2328 - 83 Jogos Abertos Horácio Baby Barioni,06/11/2019,484,3,Lei
2326 - Revoga Lei 1870 - area de terras inss,25/10/2019,474,3,Lei
247 - Altera requisito 2 do anexo II e III da lei complementar 245,25/10/2019,474,3,Lei
2324 - Distrato Social - LaborAmvave,17/10/2019,464,3,Lei
2325 - Revoga Lei 480 - Fruta Cor - João Teobaldo,17/10/2019,464,3,Lei
2323 - Parceria Fazenda dos Milagros - Pavimentação,10/10/2019,458,3,Lei
2322 - Crédito 650,02/10/2019,451,3,Lei
246 - REFIS 2019,25/09/2019,444A,3,Lei
2321 - Crédito Semads 100,20/09/2019,441,3,Lei
2318 - Credito Drenagem Urbana Duílio Gambine - FEHIDRO 12,20/09/2019,441,3,Lei
2319 - Credito Escola da Beleza - FUSSESP 2,20/09/2019,441,3,Lei
2316 - Credito AVAREPREV 795,20/09/2019,441,3,Lei
2320 - Espaço Árvore,20/09/2019,441,3,Lei
2317 - Credito Polos Regionais Construção Civil 18 - SUPERAVIT,20/09/2019,441,3,Lei
2315 - Pintura de Guias - Demutran,11/09/2019,431,3,Lei
Lei 2.292 - Termo Anexo,05/09/2019,425,3,Lei
2312 - Altera Artigo 2 da Lei 583 - Cria FREA,05/09/2019,425,3,Lei
2313 - Credito AMVAVE,05/09/2019,425,3,Lei
2310 - Altera Artigo 42 da Lei 2209 - LDO FREA,05/09/2019,425,3,Lei
2314 - Credito Educação 930,05/09/2019,425,3,Lei
2311 - Altera Artigo 12 da Lei 2257 - LOA FREA,05/09/2019,425,3,Lei
2308 - Recebe doação do Estado,30/08/2019,420,3,Lei
2309 - Crédito Saude 555,30/08/2019,420,3,Lei
2306 - Adiantamento FAMPOP,16/08/2019,409,3,Lei
2305 - Crédito,30/07/2019,394,3,Lei
244 - Altera 166,30/07/2019,394,3,Lei
2303 - Perimetro Urbano,30/07/2019,394,3,Lei
2304 - Convênio Secretaria de Segurança Pública,30/07/2019,394,3,Lei
2298 - Crédito,24/06/2019,370,3,Lei
2300 - Dia dos Veteranos da Polícia Militar,24/06/2019,370,3,Lei
2299 - Crédito,24/06/2019,370,3,Lei
2292 - J QUINTILIANO,24/06/2019,370,3,Lei
2297 - Jogos Regionais,24/06/2019,370,3,Lei
2295 - Crédito,18/06/2019,367,3,Lei
2296 - Alienação TRerrenos,18/06/2019,367,3,Lei
2289 - Revoga 1764 - concede uso,31/05/2019,353,3,Lei
2290 - Praticas Esportivas,30/05/2019,352,3,Lei
2291 - Revoga 2271 - desafeta NOCAIJA,30/05/2019,352,3,Lei
2288 - Credito SUPERAVIT 189,30/05/2019,352,3,Lei
2289 - Revoga 1764 - concede uso,30/05/2019,352,3,Lei
241 - Altera 238 - redenomina cargos médicos,22/05/2019,347,3,Lei
2287 - Credito SEMADS,22/05/2019,347,3,Lei
243 - Revisão Vale Alimentação,22/05/2019,347,3,Lei
2286 - Auxílio Aluguel Social,22/05/2019,347,3,Lei
242 - Revisão Geral de vencimentos - aumento de salario,22/05/2019,347,3,Lei
2285 - Santa Lúcia,20/05/2019,345,3,Lei
2284 - Santa Tereza,20/05/2019,345,3,Lei
2283 - São Rogério III,07/05/2019,337,3,Lei
2281 - Reajuste Câmara,07/05/2019,337,3,Lei
2282 - São Rogério IV,07/05/2019,337,3,Lei
2280 - Crédito,02/05/2019,334,3,Lei
2279 - Bueiro Inteligente,17/04/2019,324,3,Lei
2278 - Crédito,09/04/2019,318,3,Lei
2271 - Nocaija,09/04/2019,318,3,Lei
2275 - Crédito,09/04/2019,318,3,Lei
2272 - Crédito,09/04/2019,318,3,Lei
2276 - Crédito,09/04/2019,318,3,Lei
2273 - Crédito,09/04/2019,318,3,Lei
2277 - Crédito,09/04/2019,318,3,Lei
2274 - Crédito,09/04/2019,318,3,Lei
2270 - Altera Lei entidades,29/03/2019,311,3,Lei
2269 - Crédito,28/03/2019,309,3,Lei
2267 - Crédito,28/03/2019,309,3,Lei
2268 - Crédito,28/03/2019,309,3,Lei
2266 - Entidades,13/03/2019,299,3,Lei
2264 - 13º,13/03/2019,299,3,Lei
2265 - Crédito,13/03/2019,299,3,Lei
2266 - Entidades 2 aNEXO,13/03/2019,299,3,Lei
240 - Agente Comunitário,12/03/2019,297,3,Lei
2261 - Crédito,25/02/2019,290,3,Lei
2260 - Centro de triagem de Animais Silvestres,25/02/2019,290,3,Lei
2262 - Crédito,25/02/2019,290,3,Lei
2260 - Centro de triagem de Animais Silvestres,20/02/2019,288,3,Lei
Anexo 238,28/12/2018,265,2,Lei
238,28/12/2018,265,2,Lei
2253 - Recuperação de crédito Frea,23/11/2018,246,2,Lei
234,06/11/2018,237,2,Lei
